LineNo,WordSequence,Word,WordLength,WordStartCharPosition,WordConfLevel,Left_Word_Top_X,Left_Word_Top_Y,Right_Word_Bot_X,Right_Word_Bot_Y,LeftXForLetters,LeftYForLetters,RightXForLetters,RightYForLetters,Distance_From_Left_Word,Word_Height,CharWithMaxHeight,WordWidth,isCapitalLine,isSpecialChar,AvgWordConfidenceLevel,isPunctuationWord,PageNumber,AvgCharWidth,DigitCount,Phrase_Sequence,isNumeric,Label
1,0,MARTINREA,9,0,999999999,520,437,766,480,520|520|520|520|520|520|520|520|520,437|437|437|437|437|437|437|437|437,766|766|766|766|766|766|766|766|766,480|480|480|480|480|480|480|480|480,0,43,43,0,True,False,9,False,1,0,0,0,False,O
1,1,TILLSONBURG,11,10,99999999999,773,443,1057,483,773|773|773|773|773|773|773|773|773|773|773,443|443|443|443|443|443|443|443|443|443|443,1057|1057|1057|1057|1057|1057|1057|1057|1057|1057|1057,483|483|483|483|483|483|483|483|483|483|483,7,40,40,0,True,False,9,False,1,0,0,0,False,O
2,0,301,3,0,999,518,522,574,553,518|518|518,522|522|522,574|574|574,553|553|553,0,31,31,0,False,False,9,False,1,0,3,0,True,O
2,1,Tillson,7,4,9999999,586,522,694,555,586|586|586|586|586|586|586,522|522|522|522|522|522|522,694|694|694|694|694|694|694,555|555|555|555|555|555|555,12,33,33,0,False,False,9,False,1,0,0,0,False,O
2,2,"Avenue,",7,12,9999999,703,525,836,562,703|703|703|703|703|703|703,525|525|525|525|525|525|525,836|836|836|836|836|836|836,562|562|562|562|562|562|562,9,37,37,0,False,True,9,False,1,0,0,0,False,O
2,3,Building,8,20,99999999,855,526,991,565,855|855|855|855|855|855|855|855,526|526|526|526|526|526|526|526,991|991|991|991|991|991|991|991,565|565|565|565|565|565|565|565,19,39,39,0,False,False,9,False,1,0,0,0,False,O
2,4,"12,",3,29,999,1000,528,1048,564,1000|1000|1000,528|528|528,1048|1048|1048,564|564|564,9,36,36,0,False,True,9,False,1,0,2,0,True,O
2,5,SHIPPER,7,33,8888888,1654,490,1968,532,1654|1654|1654|1654|1654|1654|1654,490|490|490|490|490|490|490,1968|1968|1968|1968|1968|1968|1968,532|532|532|532|532|532|532,606,42,42,0,True,False,8,False,1,0,0,1,False,O
2,6,/,1,40,8,1654,490,1968,532,1654,490,1968,532,-314,42,42,0,False,True,8,True,1,0,0,1,False,O
2,7,PKG.,4,41,8888,1654,490,1968,532,1654|1654|1654|1654,490|490|490|490,1968|1968|1968|1968,532|532|532|532,-314,42,42,0,False,True,8,False,1,0,0,1,False,O
2,8,LIST,4,46,9999,1980,493,2077,531,1980|1980|1980|1980,493|493|493|493,2077|2077|2077|2077,531|531|531|531,12,38,38,0,True,False,9,False,1,0,0,1,False,O
3,0,MARINEEL,8,0,22222222,251,547,468,579,251|251|251|251|251|251|251|251,547|547|547|547|547|547|547|547,468|468|468|468|468|468|468|468,579|579|579|579|579|579|579|579,0,32,32,0,True,False,2,False,1,0,0,0,False,O
3,1,"Tillsonburg,",12,9,999999999999,517,563,713,602,517|517|517|517|517|517|517|517|517|517|517|517,563|563|563|563|563|563|563|563|563|563|563|563,713|713|713|713|713|713|713|713|713|713|713|713,602|602|602|602|602|602|602|602|602|602|602|602,49,39,39,0,False,True,9,False,1,0,0,1,False,B-PL_VendorAddress
3,2,"Ontario,",8,22,99999999,721,567,852,603,721|721|721|721|721|721|721|721,567|567|567|567|567|567|567|567,852|852|852|852|852|852|852|852,603|603|603|603|603|603|603|603,8,36,36,0,False,True,9,False,1,0,0,1,False,I-PL_VendorAddress
3,3,N4G,3,31,999,860,566,1003,600,860|860|860,566|566|566,1003|1003|1003,600|600|600,8,34,34,0,False,False,9,False,1,0,1,1,False,I-PL_VendorAddress
3,4,6E6,3,35,999,860,566,1003,600,860|860|860,566|566|566,1003|1003|1003,600|600|600,-143,34,34,0,False,False,9,False,1,0,2,1,True,I-PL_VendorAddress
3,5,SID,3,39,999,1659,557,1705,582,1659|1659|1659,557|557|557,1705|1705|1705,582|582|582,656,25,25,0,True,False,9,False,1,0,0,2,False,O
3,6,NUMBER,6,43,999999,1709,557,1824,582,1709|1709|1709|1709|1709|1709,557|557|557|557|557|557,1824|1824|1824|1824|1824|1824,582|582|582|582|582|582,4,25,25,0,True,False,9,False,1,0,0,2,False,O
3,7,DATE,4,50,9999,1962,559,2033,584,1962|1962|1962|1962,559|559|559|559,2033|2033|2033|2033,584|584|584|584,138,25,25,0,True,False,9,False,1,0,0,3,False,O
4,0,TEL,3,0,999,517,602,593,635,517|517|517,602|602|602,593|593|593,635|635|635,0,33,33,0,True,False,9,False,1,0,0,0,False,O
4,1,:,1,3,9,517,602,593,635,517,602,593,635,-76,33,33,0,False,True,9,True,1,0,0,1,False,O
4,2,(519),5,5,99999,602,604,683,642,602|602|602|602|602,604|604|604|604|604,683|683|683|683|683,642|642|642|642|642,9,38,38,0,False,True,9,False,1,0,3,2,False,O
4,3,688-3693,8,11,99999999,691,606,838,638,691|691|691|691|691|691|691|691,606|606|606|606|606|606|606|606,838|838|838|838|838|838|838|838,638|638|638|638|638|638|638|638,8,32,32,0,False,True,9,False,1,0,7,2,False,O
4,4,54646,5,20,99999,1719,617,1830,649,1719|1719|1719|1719|1719,617|617|617|617|617,1830|1830|1830|1830|1830,649|649|649|649|649,881,32,32,0,False,False,9,False,1,0,5,3,True,O
4,5,1/03/23,7,26,9999999,1946,617,2097,657,1946|1946|1946|1946|1946|1946|1946,617|617|617|617|617|617|617,2097|2097|2097|2097|2097|2097|2097,657|657|657|657|657|657|657,116,40,40,0,False,True,9,False,1,0,5,4,False,O
5,0,FAX,3,0,999,517,644,597,676,517|517|517,644|644|644,597|597|597,676|676|676,0,32,32,0,True,False,9,False,1,0,0,0,False,O
5,1,:,1,3,9,517,644,597,676,517,644,597,676,-80,32,32,0,False,True,9,True,1,0,0,1,False,O
5,2,(513),5,5,66666,605,645,688,683,605|605|605|605|605,645|645|645|645|645,688|688|688|688|688,683|683|683|683|683,8,38,38,0,False,True,6,False,1,0,3,2,False,O
5,3,688-1021,8,11,99999999,692,647,840,679,692|692|692|692|692|692|692|692,647|647|647|647|647|647|647|647,840|840|840|840|840|840|840|840,679|679|679|679|679|679|679|679,4,32,32,0,False,True,9,False,1,0,7,2,False,O
5,4,2,1,20,9,2027,666,2132,699,2027,666,2132,699,1187,33,33,0,False,False,9,False,1,0,1,3,True,O
5,5,:,1,21,9,2027,666,2132,699,2027,666,2132,699,-105,33,33,0,False,True,9,True,1,0,0,4,False,O
5,6,55,2,22,99,2027,666,2132,699,2027|2027,666|666,2132|2132,699|699,-105,33,33,0,False,False,9,False,1,0,2,5,True,O
6,0,SOLD,4,0,9999,225,698,324,730,225|225|225|225,698|698|698|698,324|324|324|324,730|730|730|730,0,32,32,0,True,False,9,False,1,0,0,0,False,O
6,1,TO,2,5,99,332,701,392,732,332|332,701|701,392|392,732|732,8,31,31,0,True,False,9,False,1,0,0,0,False,O
6,2,:,1,7,9,332,701,392,732,332,701,392,732,-60,31,31,0,False,True,9,True,1,0,0,1,False,O
6,3,SHIP,4,9,9999,1288,710,1368,742,1288|1288|1288|1288,710|710|710|710,1368|1368|1368|1368,742|742|742|742,896,32,32,0,True,False,9,False,1,0,0,2,False,O
6,4,TO,2,14,99,1374,711,1434,742,1374|1374,711|711,1434|1434,742|742,6,31,31,0,True,False,9,False,1,0,0,2,False,O
6,5,:,1,16,9,1374,711,1434,742,1374,711,1434,742,-60,31,31,0,False,True,9,True,1,0,0,3,False,O
6,6,PAGE,4,18,9999,1915,716,1998,745,1915|1915|1915|1915,716|716|716|716,1998|1998|1998|1998,745|745|745|745,481,29,29,0,True,False,9,False,1,0,0,4,False,O
6,7,1,1,23,9,2070,712,2092,745,2070,712,2092,745,72,33,33,0,False,False,9,False,1,0,1,4,True,O
7,0,CHRYSLER,8,0,99999999,243,747,396,778,243|243|243|243|243|243|243|243,747|747|747|747|747|747|747|747,396|396|396|396|396|396|396|396,778|778|778|778|778|778|778|778,0,31,31,0,True,False,9,False,1,0,0,0,False,O
7,1,LLC,3,9,999,412,752,471,780,412|412|412,752|752|752,471|471|471,780|780|780,16,28,28,0,True,False,9,False,1,0,0,0,False,O
7,2,CHRYSLER,8,13,99999999,1309,759,1453,787,1309|1309|1309|1309|1309|1309|1309|1309,759|759|759|759|759|759|759|759,1453|1453|1453|1453|1453|1453|1453|1453,787|787|787|787|787|787|787|787,838,28,28,0,True,False,9,False,1,0,0,1,False,B-PL_ShippingAddressRecipient
7,3,BRAMPTON,8,22,99999999,1468,760,1613,788,1468|1468|1468|1468|1468|1468|1468|1468,760|760|760|760|760|760|760|760,1613|1613|1613|1613|1613|1613|1613|1613,788|788|788|788|788|788|788|788,15,28,28,0,True,False,9,False,1,0,0,1,False,I-PL_ShippingAddressRecipient
7,4,ASSEMBLY,8,31,99999999,1629,762,1774,789,1629|1629|1629|1629|1629|1629|1629|1629,762|762|762|762|762|762|762|762,1774|1774|1774|1774|1774|1774|1774|1774,789|789|789|789|789|789|789|789,16,27,27,0,True,False,9,False,1,0,0,1,False,O
8,0,PO,2,0,99,241,793,283,821,241|241,793|793,283|283,821|821,0,28,28,0,True,False,9,False,1,0,0,0,False,O
8,1,BOX,3,3,999,298,795,359,824,298|298|298,795|795|795,359|359|359,824|824|824,15,29,29,0,True,False,9,False,1,0,0,0,False,O
8,2,537927,6,7,999999,375,797,486,828,375|375|375|375|375|375,797|797|797|797|797|797,486|486|486|486|486|486,828|828|828|828|828|828,16,31,31,0,False,False,9,False,1,0,6,0,True,O
8,3,2000,4,14,9999,1309,805,1381,833,1309|1309|1309|1309,805|805|805|805,1381|1381|1381|1381,833|833|833|833,823,28,28,0,False,False,9,False,1,0,4,1,True,B-PL_ShippingAddress
8,4,WILLIAMS,8,19,99999999,1395,807,1542,834,1395|1395|1395|1395|1395|1395|1395|1395,807|807|807|807|807|807|807|807,1542|1542|1542|1542|1542|1542|1542|1542,834|834|834|834|834|834|834|834,14,27,27,0,True,False,9,False,1,0,0,1,False,I-PL_ShippingAddress
8,5,PARKWAY,7,28,9999999,1556,808,1685,835,1556|1556|1556|1556|1556|1556|1556,808|808|808|808|808|808|808,1685|1685|1685|1685|1685|1685|1685,835|835|835|835|835|835|835,14,27,27,0,True,False,9,False,1,0,0,1,False,I-PL_ShippingAddress
9,0,"LIVONIA,",8,0,99999999,241,841,392,876,241|241|241|241|241|241|241|241,841|841|841|841|841|841|841|841,392|392|392|392|392|392|392|392,876|876|876|876|876|876|876|876,0,35,35,0,False,True,9,False,1,0,0,0,False,B-PL_CustomerAddress
9,1,MI,2,9,99,410,846,448,873,410|410,846|846,448|448,873|873,18,27,27,0,True,False,9,False,1,0,0,0,False,I-PL_CustomerAddress
9,2,BRAMPTON,8,12,99999999,1309,852,1454,882,1309|1309|1309|1309|1309|1309|1309|1309,852|852|852|852|852|852|852|852,1454|1454|1454|1454|1454|1454|1454|1454,882|882|882|882|882|882|882|882,861,30,30,0,True,False,9,False,1,0,0,1,False,I-PL_ShippingAddress
9,3,",ONT,",5,21,77777,1459,854,1543,885,1459|1459|1459|1459|1459,854|854|854|854|854,1543|1543|1543|1543|1543,885|885|885|885|885,5,31,31,0,False,True,7,False,1,0,0,1,False,I-PL_ShippingAddress
9,4,CAN,3,27,999,1536,854,1596,882,1536|1536|1536,854|854|854,1596|1596|1596,882|882|882,-7,28,28,0,True,False,9,False,1,0,0,1,False,I-PL_ShippingAddress
9,5,+,1,31,9,2413,828,2458,884,2413,828,2458,884,817,56,56,0,False,True,9,False,1,0,0,2,False,O
10,0,48153-7927,10,0,9999999999,240,888,431,920,240|240|240|240|240|240|240|240|240|240,888|888|888|888|888|888|888|888|888|888,431|431|431|431|431|431|431|431|431|431,920|920|920|920|920|920|920|920|920|920,0,32,32,0,False,True,9,False,1,0,9,0,False,I-PL_CustomerAddress
10,1,L6T4Y6,6,11,777777,1307,899,1416,927,1307|1307|1307|1307|1307|1307,899|899|899|899|899|899,1416|1416|1416|1416|1416|1416,927|927|927|927|927|927,876,28,28,0,False,False,7,False,1,0,3,1,False,I-PL_ShippingAddress
11,0,DOCK,4,0,9999,236,1031,314,1058,236|236|236|236,1031|1031|1031|1031,314|314|314|314,1058|1058|1058|1058,0,27,27,0,True,False,9,False,1,0,0,0,False,O
11,1,"CODE,",5,5,88888,330,1032,422,1061,330|330|330|330|330,1032|1032|1032|1032|1032,422|422|422|422|422,1061|1061|1061|1061|1061,16,29,29,0,False,True,8,False,1,0,0,0,False,O
11,2,92,2,11,99,461,1033,501,1062,461|461,1033|1033,501|501,1062|1062,39,29,29,0,False,False,9,False,1,0,2,1,True,O
12,0,VENDOR,6,0,999999,204,1109,326,1136,204|204|204|204|204|204,1109|1109|1109|1109|1109|1109,326|326|326|326|326|326,1136|1136|1136|1136|1136|1136,0,27,27,0,True,False,9,False,1,0,0,0,False,O
12,1,NO.,3,7,999,332,1111,382,1137,332|332|332,1111|1111|1111,382|382|382,1137|1137|1137,6,26,26,0,False,True,9,False,1,0,0,0,False,O
12,2,AETO,4,11,4444,530,1114,630,1141,530|530|530|530,1114|1114|1114|1114,630|630|630|630,1141|1141|1141|1141,148,27,27,0,True,False,4,False,1,0,0,1,False,O
12,3,NO.,3,16,999,634,1115,682,1141,634|634|634,1115|1115|1115,682|682|682,1141|1141|1141,4,26,26,0,False,True,9,False,1,0,0,1,False,O
12,4,F.O.B.,6,20,999999,1022,1115,1102,1142,1022|1022|1022|1022|1022|1022,1115|1115|1115|1115|1115|1115,1102|1102|1102|1102|1102|1102,1142|1142|1142|1142|1142|1142,340,27,27,0,False,True,9,False,1,0,0,2,False,O
12,5,CUST.,5,27,99999,1410,1118,1491,1145,1410|1410|1410|1410|1410,1118|1118|1118|1118|1118,1491|1491|1491|1491|1491,1145|1145|1145|1145|1145,308,27,27,0,False,True,9,False,1,0,0,3,False,O
12,6,NO.,3,33,999,1503,1118,1551,1145,1503|1503|1503,1118|1118|1118,1551|1551|1551,1145|1145|1145,12,27,27,0,False,True,9,False,1,0,0,3,False,O
12,7,-,1,37,9,1563,1130,1583,1141,1563,1130,1583,1141,12,11,11,0,False,True,9,True,1,0,0,3,False,O
12,8,DEST.,5,39,99999,1586,1119,1666,1146,1586|1586|1586|1586|1586,1119|1119|1119|1119|1119,1666|1666|1666|1666|1666,1146|1146|1146|1146|1146,3,27,27,0,False,True,9,False,1,0,0,3,False,O
12,9,NO.,3,45,999,1670,1120,1719,1146,1670|1670|1670,1120|1120|1120,1719|1719|1719,1146|1146|1146,4,26,26,0,False,True,9,False,1,0,0,3,False,O
12,10,FREIGHT,7,49,9999999,1869,1122,1985,1148,1869|1869|1869|1869|1869|1869|1869,1122|1122|1122|1122|1122|1122|1122,1985|1985|1985|1985|1985|1985|1985,1148|1148|1148|1148|1148|1148|1148,150,26,26,0,True,False,9,False,1,0,0,4,False,O
12,11,SHIPPER,7,57,9999999,2148,1118,2265,1144,2148|2148|2148|2148|2148|2148|2148,1118|1118|1118|1118|1118|1118|1118,2265|2265|2265|2265|2265|2265|2265,1144|1144|1144|1144|1144|1144|1144,163,26,26,0,True,False,9,False,1,0,0,5,False,O
12,12,#,1,65,9,2269,1117,2288,1141,2269,1117,2288,1141,4,24,24,0,False,True,9,False,1,0,0,5,False,O
13,0,24902H,6,0,999999,173,1170,291,1200,173|173|173|173|173|173,1170|1170|1170|1170|1170|1170,291|291|291|291|291|291,1200|1200|1200|1200|1200|1200,0,30,30,0,False,False,9,False,1,0,5,0,False,O
13,1,MARTINREA,9,7,999999999,789,1178,957,1206,789|789|789|789|789|789|789|789|789,1178|1178|1178|1178|1178|1178|1178|1178|1178,957|957|957|957|957|957|957|957|957,1206|1206|1206|1206|1206|1206|1206|1206|1206,498,28,28,0,True,False,9,False,1,0,0,1,False,B-PL_Fob
13,2,TILLSONBURG,11,17,99999999999,972,1178,1176,1206,972|972|972|972|972|972|972|972|972|972|972,1178|1178|1178|1178|1178|1178|1178|1178|1178|1178|1178,1176|1176|1176|1176|1176|1176|1176|1176|1176|1176|1176,1206|1206|1206|1206|1206|1206|1206|1206|1206|1206|1206,15,28,28,0,True,False,9,False,1,0,0,1,False,I-PL_Fob
13,3,04000,5,29,99999,1468,1180,1560,1209,1468|1468|1468|1468|1468,1180|1180|1180|1180|1180,1560|1560|1560|1560|1560,1209|1209|1209|1209|1209,292,29,29,0,False,False,9,False,1,0,5,2,True,O
13,4,PP&,3,35,999,1796,1158,1884,1182,1796|1796|1796,1158|1158|1158,1884|1884|1884,1182|1182|1182,236,24,24,0,False,True,9,False,1,0,0,3,False,O
13,5,INV,3,39,999,1796,1158,1884,1182,1796|1796|1796,1158|1158|1158,1884|1884|1884,1182|1182|1182,-88,24,24,0,True,False,9,False,1,0,0,3,False,O
13,6,COL,3,43,999,1919,1160,1965,1183,1919|1919|1919,1160|1160|1160,1965|1965|1965,1183|1183|1183,35,23,23,0,True,False,9,False,1,0,0,3,False,O
13,7,PPD,3,47,999,2020,1158,2066,1182,2020|2020|2020,1158|1158|1158,2066|2066|2066,1182|1182|1182,55,24,24,0,True,False,9,False,1,0,0,4,False,O
13,8,54646,5,51,99999,2183,1179,2273,1207,2183|2183|2183|2183|2183,1179|1179|1179|1179|1179,2273|2273|2273|2273|2273,1207|1207|1207|1207|1207,117,28,28,0,False,False,9,False,1,0,5,5,True,O
14,0,09126,5,0,99999,1469,1227,1560,1255,1469|1469|1469|1469|1469,1227|1227|1227|1227|1227,1560|1560|1560|1560|1560,1255|1255|1255|1255|1255,0,28,28,0,False,False,9,False,1,0,5,0,True,O
15,0,REMARK,6,0,999999,419,1269,542,1297,419|419|419|419|419|419,1269|1269|1269|1269|1269|1269,542|542|542|542|542|542,1297|1297|1297|1297|1297|1297,0,28,28,0,True,False,9,False,1,0,0,0,False,O
15,1,SHIP,4,7,9999,1193,1274,1256,1301,1193|1193|1193|1193,1274|1274|1274|1274,1256|1256|1256|1256,1301|1301|1301|1301,651,27,27,0,True,False,9,False,1,0,0,1,False,O
15,2,VIA,3,12,999,1261,1275,1308,1301,1261|1261|1261,1275|1275|1275,1308|1308|1308,1301|1301|1301,5,26,26,0,True,False,9,False,1,0,0,1,False,O
15,3,SCAC,4,16,9999,1601,1276,1677,1303,1601|1601|1601|1601,1276|1276|1276|1276,1677|1677|1677|1677,1303|1303|1303|1303,293,27,27,0,True,False,9,False,1,0,0,2,False,O
15,4,CODE,4,21,9999,1681,1276,1760,1303,1681|1681|1681|1681,1276|1276|1276|1276,1760|1760|1760|1760,1303|1303|1303|1303,4,27,27,0,True,False,9,False,1,0,0,2,False,O
15,5,TRUCK,5,26,99999,1971,1277,2065,1304,1971|1971|1971|1971|1971,1277|1277|1277|1277|1277,2065|2065|2065|2065|2065,1304|1304|1304|1304|1304,211,27,27,0,True,False,9,False,1,0,0,3,False,O
15,6,ID,2,32,99,2067,1277,2098,1303,2067|2067,1277|1277,2098|2098,1303|1303,2,26,26,0,True,False,9,False,1,0,0,3,False,O
16,0,CHARGER,7,0,9999999,981,1321,1116,1349,981|981|981|981|981|981|981,1321|1321|1321|1321|1321|1321|1321,1116|1116|1116|1116|1116|1116|1116,1349|1349|1349|1349|1349|1349|1349,0,28,28,0,True,False,9,False,1,0,0,0,False,B-PL_CarrierName
16,1,LOGISTICS,9,8,999999999,1128,1322,1294,1350,1128|1128|1128|1128|1128|1128|1128|1128|1128,1322|1322|1322|1322|1322|1322|1322|1322|1322,1294|1294|1294|1294|1294|1294|1294|1294|1294,1350|1350|1350|1350|1350|1350|1350|1350|1350,12,28,28,0,True,False,9,False,1,0,0,0,False,I-PL_CarrierName
16,2,CLIJ,4,18,9999,1603,1324,1678,1352,1603|1603|1603|1603,1324|1324|1324|1324,1678|1678|1678|1678,1352|1352|1352|1352,309,28,28,0,True,False,9,False,1,0,0,1,False,O
16,3,77918,5,23,99999,1820,1324,1912,1352,1820|1820|1820|1820|1820,1324|1324|1324|1324|1324,1912|1912|1912|1912|1912,1352|1352|1352|1352|1352,142,28,28,0,False,False,9,False,1,0,5,2,True,O
17,0,QUANTITY,8,0,99999999,221,1423,364,1451,221|221|221|221|221|221|221|221,1423|1423|1423|1423|1423|1423|1423|1423,364|364|364|364|364|364|364|364,1451|1451|1451|1451|1451|1451|1451|1451,0,28,28,0,True,False,9,False,1,0,0,0,False,O
17,1,CUSTOMER,8,9,99999999,460,1425,618,1452,460|460|460|460|460|460|460|460,1425|1425|1425|1425|1425|1425|1425|1425,618|618|618|618|618|618|618|618,1452|1452|1452|1452|1452|1452|1452|1452,96,27,27,0,True,False,9,False,1,0,0,1,False,O
17,2,PART,4,18,9999,623,1426,696,1452,623|623|623|623,1426|1426|1426|1426,696|696|696|696,1452|1452|1452|1452,5,26,26,0,True,False,9,False,1,0,0,1,False,O
17,3,NO.,3,23,999,701,1426,753,1452,701|701|701,1426|1426|1426,753|753|753,1452|1452|1452,5,26,26,0,False,True,9,False,1,0,0,1,False,O
17,4,/,1,27,7,763,1426,777,1452,763,1426,777,1452,10,26,26,0,False,True,7,True,1,0,0,1,False,O
17,5,INTERNAL,8,29,99999999,787,1426,925,1453,787|787|787|787|787|787|787|787,1426|1426|1426|1426|1426|1426|1426|1426,925|925|925|925|925|925|925|925,1453|1453|1453|1453|1453|1453|1453|1453,10,27,27,0,True,False,9,False,1,0,0,1,False,O
17,6,PART,4,38,9999,930,1426,1005,1452,930|930|930|930,1426|1426|1426|1426,1005|1005|1005|1005,1452|1452|1452|1452,5,26,26,0,True,False,9,False,1,0,0,1,False,O
17,7,NO.,3,43,999,1009,1426,1059,1453,1009|1009|1009,1426|1426|1426,1059|1059|1059,1453|1453|1453,4,27,27,0,False,True,9,False,1,0,0,1,False,O
17,8,NET,3,47,999,1379,1430,1435,1456,1379|1379|1379,1430|1430|1430,1435|1435|1435,1456|1456|1456,320,26,26,0,True,False,9,False,1,0,0,2,False,O
17,9,WEIGHT,6,51,999999,1436,1429,1545,1457,1436|1436|1436|1436|1436|1436,1429|1429|1429|1429|1429|1429,1545|1545|1545|1545|1545|1545,1457|1457|1457|1457|1457|1457,1,28,28,0,True,False,9,False,1,0,0,2,False,O
17,10,CONTAINERS,10,58,9999999999,1705,1429,1891,1457,1705|1705|1705|1705|1705|1705|1705|1705|1705|1705,1429|1429|1429|1429|1429|1429|1429|1429|1429|1429,1891|1891|1891|1891|1891|1891|1891|1891|1891|1891,1457|1457|1457|1457|1457|1457|1457|1457|1457|1457,160,28,28,0,True,False,9,False,1,0,0,3,False,O
17,11,CUMULATIVE,10,69,9999999999,2064,1426,2236,1454,2064|2064|2064|2064|2064|2064|2064|2064|2064|2064,1426|1426|1426|1426|1426|1426|1426|1426|1426|1426,2236|2236|2236|2236|2236|2236|2236|2236|2236|2236,1454|1454|1454|1454|1454|1454|1454|1454|1454|1454,173,28,28,0,True,False,9,False,1,0,0,4,False,O
18,0,SHIPPED,7,0,9999999,220,1468,344,1495,220|220|220|220|220|220|220,1468|1468|1468|1468|1468|1468|1468,344|344|344|344|344|344|344,1495|1495|1495|1495|1495|1495|1495,0,27,27,0,True,False,9,False,1,0,0,0,False,O
18,1,CUSTOMER,8,8,99999999,547,1470,704,1497,547|547|547|547|547|547|547|547,1470|1470|1470|1470|1470|1470|1470|1470,704|704|704|704|704|704|704|704,1497|1497|1497|1497|1497|1497|1497|1497,203,27,27,0,True,False,9,False,1,0,0,1,False,O
18,2,ORDER,5,17,99999,714,1469,816,1496,714|714|714|714|714,1469|1469|1469|1469|1469,816|816|816|816|816,1496|1496|1496|1496|1496,10,27,27,0,True,False,9,False,1,0,0,1,False,O
18,3,NO.,3,23,999,821,1471,872,1496,821|821|821,1471|1471|1471,872|872|872,1496|1496|1496,5,25,25,0,False,True,9,False,1,0,0,1,False,O
18,4,QTY.,4,27,9999,1679,1474,1743,1501,1679|1679|1679|1679,1474|1474|1474|1474,1743|1743|1743|1743,1501|1501|1501|1501,807,27,27,0,False,True,9,False,1,0,0,2,False,O
18,5,TYPE,4,32,9999,1865,1474,1936,1499,1865|1865|1865|1865,1474|1474|1474|1474,1936|1936|1936|1936,1499|1499|1499|1499,122,25,25,0,True,False,9,False,1,0,0,3,False,O
19,0,55.00,5,0,99999,278,1558,374,1588,278|278|278|278|278,1558|1558|1558|1558|1558,374|374|374|374|374,1588|1588|1588|1588|1588,0,30,30,0,False,True,9,False,1,0,4,0,True,O
19,1,68043494AS,10,6,9999999999,447,1559,637,1588,447|447|447|447|447|447|447|447|447|447,1559|1559|1559|1559|1559|1559|1559|1559|1559|1559,637|637|637|637|637|637|637|637|637|637,1588|1588|1588|1588|1588|1588|1588|1588|1588|1588,73,29,29,0,False,False,9,False,1,0,8,1,False,O
19,2,CH-68043494AS,13,17,9999999999999,1007,1560,1248,1590,1007|1007|1007|1007|1007|1007|1007|1007|1007|1007|1007|1007|1007,1560|1560|1560|1560|1560|1560|1560|1560|1560|1560|1560|1560|1560,1248|1248|1248|1248|1248|1248|1248|1248|1248|1248|1248|1248|1248,1590|1590|1590|1590|1590|1590|1590|1590|1590|1590|1590|1590|1590,370,30,30,0,False,True,9,False,1,0,8,2,False,O
19,3,5225.00,7,31,8888888,1424,1560,1550,1591,1424|1424|1424|1424|1424|1424|1424,1560|1560|1560|1560|1560|1560|1560,1550|1550|1550|1550|1550|1550|1550,1591|1591|1591|1591|1591|1591|1591,176,31,31,0,False,True,8,False,1,0,6,3,True,O
19,4,5,1,39,9,1758,1561,1776,1589,1758,1561,1776,1589,208,28,28,0,False,False,9,False,1,0,1,4,True,O
19,5,RCK70,5,41,99999,1846,1561,1939,1589,1846|1846|1846|1846|1846,1561|1561|1561|1561|1561,1939|1939|1939|1939|1939,1589|1589|1589|1589|1589,70,28,28,0,False,False,9,False,1,0,2,5,False,O
19,6,55,2,47,99,2200,1557,2235,1585,2200|2200,1557|1557,2235|2235,1585|1585,261,28,28,0,False,False,9,False,1,0,2,6,True,O
20,0,11269216,8,0,99999999,446,1608,597,1637,446|446|446|446|446|446|446|446,1608|1608|1608|1608|1608|1608|1608|1608,597|597|597|597|597|597|597|597,1637|1637|1637|1637|1637|1637|1637|1637,0,29,29,0,False,False,9,False,1,0,8,0,True,O
20,1,247,3,9,999,1200,1609,1256,1638,1200|1200|1200,1609|1609|1609,1256|1256|1256,1638|1638|1638,603,29,29,0,False,False,9,False,1,0,3,1,True,O
20,2,LB,2,13,99,1520,1610,1561,1637,1520|1520,1610|1610,1561|1561,1637|1637,264,27,27,0,True,False,9,False,1,0,0,2,False,O
20,3,0CS93224,8,16,88888888,1847,1608,1989,1637,1847|1847|1847|1847|1847|1847|1847|1847,1608|1608|1608|1608|1608|1608|1608|1608,1989|1989|1989|1989|1989|1989|1989|1989,1637|1637|1637|1637|1637|1637|1637|1637,286,29,29,0,False,False,8,False,1,0,6,3,False,O
21,0,FLOOR,5,0,99999,443,1658,541,1685,443|443|443|443|443,1658|1658|1658|1658|1658,541|541|541|541|541,1685|1685|1685|1685|1685,0,27,27,0,True,False,9,False,1,0,0,0,False,O
21,1,PAN,3,6,999,556,1657,616,1684,556|556|556,1657|1657|1657,616|616|616,1684|1684|1684,15,27,27,0,True,False,9,False,1,0,0,0,False,O
21,2,RWD,3,10,999,632,1658,692,1685,632|632|632,1658|1658|1658,692|692|692,1685|1685|1685,16,27,27,0,True,False,9,False,1,0,0,0,False,O
21,3,LD,2,14,99,706,1656,747,1685,706|706,1656|1656,747|747,1685|1685,14,29,29,0,True,False,9,False,1,0,0,0,False,O
21,4,2015,4,17,9999,763,1656,840,1685,763|763|763|763,1656|1656|1656|1656,840|840|840|840,1685|1685|1685|1685,16,29,29,0,False,False,9,False,1,0,4,0,True,O
22,0,REL#,4,0,7777,442,1705,534,1734,442|442|442|442,1705|1705|1705|1705,534|534|534|534,1734|1734|1734|1734,0,29,29,0,False,True,7,False,1,0,0,0,False,O
22,1,:,1,4,7,442,1705,534,1734,442,1705,534,1734,-92,29,29,0,False,True,7,True,1,0,0,1,False,O
22,2,14,2,6,99,586,1705,624,1735,586|586,1705|1705,624|624,1735|1735,52,30,30,0,False,False,9,False,1,0,2,2,True,O
22,3,22,2,9,99,641,1706,680,1733,641|641,1706|1706,680|680,1733|1733,17,27,27,0,False,False,9,False,1,0,2,2,True,O
23,0,44.00,5,0,99999,269,1804,366,1834,269|269|269|269|269,1804|1804|1804|1804|1804,366|366|366|366|366,1834|1834|1834|1834|1834,0,30,30,0,False,True,9,False,1,0,4,0,True,O
23,1,68174051AF,10,6,9999999999,440,1803,633,1833,440|440|440|440|440|440|440|440|440|440,1803|1803|1803|1803|1803|1803|1803|1803|1803|1803,633|633|633|633|633|633|633|633|633|633,1833|1833|1833|1833|1833|1833|1833|1833|1833|1833,74,30,30,0,False,False,9,False,1,0,8,1,False,O
23,2,CH-68174051AF,13,17,9999999999999,1006,1801,1248,1830,1006|1006|1006|1006|1006|1006|1006|1006|1006|1006|1006|1006|1006,1801|1801|1801|1801|1801|1801|1801|1801|1801|1801|1801|1801|1801,1248|1248|1248|1248|1248|1248|1248|1248|1248|1248|1248|1248|1248,1830|1830|1830|1830|1830|1830|1830|1830|1830|1830|1830|1830|1830,373,29,29,0,False,True,9,False,1,0,8,2,False,O
23,3,3696.00,7,31,9999999,1424,1800,1551,1830,1424|1424|1424|1424|1424|1424|1424,1800|1800|1800|1800|1800|1800|1800,1551|1551|1551|1551|1551|1551|1551,1830|1830|1830|1830|1830|1830|1830,176,30,30,0,False,True,9,False,1,0,6,3,True,O
23,4,4,1,39,9,1759,1800,1780,1827,1759,1800,1780,1827,208,27,27,0,False,False,9,False,1,0,1,4,True,O
23,5,RCK70,5,41,99999,1848,1799,1941,1828,1848|1848|1848|1848|1848,1799|1799|1799|1799|1799,1941|1941|1941|1941|1941,1828|1828|1828|1828|1828,68,29,29,0,False,False,9,False,1,0,2,5,False,O
23,6,44,2,47,99,2202,1797,2242,1825,2202|2202,1797|1797,2242|2242,1825|1825,261,28,28,0,False,False,9,False,1,0,2,6,True,O
24,0,11269218,8,0,99999999,441,1852,594,1882,441|441|441|441|441|441|441|441,1852|1852|1852|1852|1852|1852|1852|1852,594|594|594|594|594|594|594|594,1882|1882|1882|1882|1882|1882|1882|1882,0,30,30,0,False,False,9,False,1,0,8,0,True,O
24,1,249,3,9,999,1199,1849,1256,1878,1199|1199|1199,1849|1849|1849,1256|1256|1256,1878|1878|1878,605,29,29,0,False,False,9,False,1,0,3,1,True,O
24,2,LB,2,13,99,1522,1849,1561,1876,1522|1522,1849|1849,1561|1561,1876|1876,266,27,27,0,True,False,9,False,1,0,0,2,False,O
24,3,0CS08715,8,16,88888888,1851,1847,1993,1875,1851|1851|1851|1851|1851|1851|1851|1851,1847|1847|1847|1847|1847|1847|1847|1847,1993|1993|1993|1993|1993|1993|1993|1993,1875|1875|1875|1875|1875|1875|1875|1875,290,28,28,0,False,False,8,False,1,0,6,3,False,O
25,0,FLOOR,5,0,99999,437,1903,537,1931,437|437|437|437|437,1903|1903|1903|1903|1903,537|537|537|537|537,1931|1931|1931|1931|1931,0,28,28,0,True,False,9,False,1,0,0,0,False,O
25,1,PAN,3,6,999,551,1902,612,1931,551|551|551,1902|1902|1902,612|612|612,1931|1931|1931,14,29,29,0,True,False,9,False,1,0,0,0,False,O
25,2,LA,2,10,99,626,1902,669,1931,626|626,1902|1902,669|669,1931|1931,14,29,29,0,True,False,9,False,1,0,0,0,False,O
26,0,REL#,4,0,9999,436,1952,528,1981,436|436|436|436,1952|1952|1952|1952,528|528|528|528,1981|1981|1981|1981,0,29,29,0,False,True,9,False,1,0,0,0,False,O
26,1,:,1,4,9,436,1952,528,1981,436,1952,528,1981,-92,29,29,0,False,True,9,True,1,0,0,1,False,O
26,2,14,2,6,99,580,1951,622,1980,580|580,1951|1951,622|622,1980|1980,52,29,29,0,False,False,9,False,1,0,2,2,True,O
26,3,22,2,9,99,637,1951,677,1980,637|637,1951|1951,677|677,1980|1980,15,29,29,0,False,False,9,False,1,0,2,2,True,O
27,0,BOL,3,0,999,434,2052,494,2080,434|434|434,2052|2052|2052,494|494|494,2080|2080|2080,0,28,28,0,True,False,9,False,1,0,0,0,False,O
27,1,"Notes,",6,4,777777,511,2052,624,2080,511|511|511|511|511|511,2052|2052|2052|2052|2052|2052,624|624|624|624|624|624,2080|2080|2080|2080|2080|2080,17,28,28,0,False,True,7,False,1,0,0,0,False,O
28,0,SEAL,4,0,9999,434,2102,513,2130,434|434|434|434,2102|2102|2102|2102,513|513|513|513,2130|2130|2130|2130,0,28,28,0,True,False,9,False,1,0,0,0,False,O
28,1,15632271,8,5,99999999,531,2100,681,2130,531|531|531|531|531|531|531|531,2100|2100|2100|2100|2100|2100|2100|2100,681|681|681|681|681|681|681|681,2130|2130|2130|2130|2130|2130|2130|2130,18,30,30,0,False,False,9,False,1,0,8,0,True,O
29,0,CODE,4,0,9999,699,3019,782,3051,699|699|699|699,3019|3019|3019|3019,782|782|782|782,3051|3051|3051|3051,0,32,32,0,True,False,9,False,1,0,0,0,False,O
29,1,QTY,3,5,999,846,3014,907,3051,846|846|846,3014|3014|3014,907|907|907,3051|3051|3051,64,37,37,0,True,False,9,False,1,0,0,1,False,O
29,2,CODE,4,9,9999,992,3008,1074,3039,992|992|992|992,3008|3008|3008|3008,1074|1074|1074|1074,3039|3039|3039|3039,85,31,31,0,True,False,9,False,1,0,0,2,False,O
29,3,QTY,3,14,999,1136,3004,1196,3039,1136|1136|1136,3004|3004|3004,1196|1196|1196,3039|3039|3039,62,35,35,0,True,False,9,False,1,0,0,3,False,O
29,4,CODE,4,18,9999,1278,2997,1356,3027,1278|1278|1278|1278,2997|2997|2997|2997,1356|1356|1356|1356,3027|3027|3027|3027,82,30,30,0,True,False,9,False,1,0,0,4,False,O
29,5,QTY,3,23,999,1417,2993,1475,3027,1417|1417|1417,2993|2993|2993,1475|1475|1475,3027|3027|3027,61,34,34,0,True,False,9,False,1,0,0,5,False,O
29,6,CODE,4,27,9999,1557,2990,1637,3018,1557|1557|1557|1557,2990|2990|2990|2990,1637|1637|1637|1637,3018|3018|3018|3018,82,28,28,0,True,False,9,False,1,0,0,6,False,O
29,7,QTY,3,32,999,1700,2990,1758,3023,1700|1700|1700,2990|2990|2990,1758|1758|1758,3023|3023|3023,63,33,33,0,True,False,9,False,1,0,0,7,False,O
29,8,CODE,4,36,9999,1842,2990,1922,3019,1842|1842|1842|1842,2990|2990|2990|2990,1922|1922|1922|1922,3019|3019|3019|3019,84,29,29,0,True,False,9,False,1,0,0,8,False,O
29,9,QTY,3,41,999,1984,2992,2042,3027,1984|1984|1984,2992|2992|2992,2042|2042|2042,3027|3027|3027,62,35,35,0,True,False,9,False,1,0,0,9,False,O
30,0,SUMMARY,7,0,9999999,136,3033,326,3071,136|136|136|136|136|136|136,3033|3033|3033|3033|3033|3033|3033,326|326|326|326|326|326|326,3071|3071|3071|3071|3071|3071|3071,0,38,38,0,True,False,9,False,1,0,0,0,False,O
30,1,:,1,7,9,136,3033,326,3071,136,3033,326,3071,-190,38,38,0,False,True,9,True,1,0,0,1,False,O
30,2,CONTAINER,9,9,999999999,403,3020,631,3065,403|403|403|403|403|403|403|403|403,3020|3020|3020|3020|3020|3020|3020|3020|3020,631|631|631|631|631|631|631|631|631,3065|3065|3065|3065|3065|3065|3065|3065|3065,77,45,45,0,True,False,9,False,1,0,0,2,False,O
30,3,0,1,19,9,1166,3055,1187,3085,1166,3055,1187,3085,535,30,30,0,False,False,9,False,1,0,1,3,True,O
30,4,0,1,21,9,1446,3042,1466,3072,1446,3042,1466,3072,259,30,30,0,False,False,9,False,1,0,1,4,True,O
30,5,0,1,23,9,1730,3041,1750,3070,1730,3041,1750,3070,264,29,29,0,False,False,9,False,1,0,1,5,True,O
30,6,0,1,25,9,2012,3043,2034,3073,2012,3043,2034,3073,262,30,30,0,False,False,9,False,1,0,1,6,True,O
31,0,RCK70,5,0,99999,698,3072,798,3105,698|698|698|698|698,3072|3072|3072|3072|3072,798|798|798|798|798,3105|3105|3105|3105|3105,0,33,33,0,False,False,9,False,1,0,2,0,False,O
31,1,9,1,6,9,876,3067,896,3098,876,3067,896,3098,78,31,31,0,False,False,9,False,1,0,1,1,True,O
31,2,WEIGHT,6,8,999999,1049,3103,1197,3142,1049|1049|1049|1049|1049|1049,3103|3103|3103|3103|3103|3103,1197|1197|1197|1197|1197|1197,3142|3142|3142|3142|3142|3142,153,39,39,0,True,False,9,False,1,0,0,2,False,O
31,3,NET,3,15,999,1333,3099,1392,3130,1333|1333|1333,3099|3099|3099,1392|1392|1392,3130|3130|3130,136,31,31,0,True,False,9,False,1,0,0,3,False,O
31,4,TARE,4,19,9999,1560,3093,1638,3123,1560|1560|1560|1560,3093|3093|3093|3093,1638|1638|1638|1638,3123|3123|3123|3123,168,30,30,0,True,False,9,False,1,0,0,4,False,O
31,5,GROSS,5,24,99999,1787,3094,1884,3122,1787|1787|1787|1787|1787,3094|3094|3094|3094|3094,1884|1884|1884|1884|1884,3122|3122|3122|3122|3122,149,28,28,0,True,False,9,False,1,0,0,5,False,O
31,6,UNIT,4,30,9999,1986,3095,2064,3126,1986|1986|1986|1986,3095|3095|3095|3095,2064|2064|2064|2064,3126|3126|3126|3126,102,31,31,0,True,False,9,False,1,0,0,6,False,O
32,0,PALLET,6,0,999999,400,3131,554,3170,400|400|400|400|400|400,3131|3131|3131|3131|3131|3131,554|554|554|554|554|554,3170|3170|3170|3170|3170|3170,0,39,39,0,True,False,9,False,1,0,0,0,False,O
32,1,CODE,4,7,9999,697,3127,780,3159,697|697|697|697,3127|3127|3127|3127,780|780|780|780,3159|3159|3159|3159,143,32,32,0,True,False,9,False,1,0,0,1,False,O
32,2,QTY,3,12,999,844,3121,905,3158,844|844|844,3121|3121|3121,905|905|905,3158|3158|3158,64,37,37,0,True,False,9,False,1,0,0,2,False,O
32,3,8921,4,16,9999,1307,3151,1380,3183,1307|1307|1307|1307,3151|3151|3151|3151,1380|1380|1380|1380,3183|3183|3183|3183,402,32,32,0,False,False,9,False,1,0,4,3,True,O
32,4,8550,4,21,9999,1558,3144,1637,3175,1558|1558|1558|1558,3144|3144|3144|3144,1637|1637|1637|1637,3175|3175|3175|3175,178,31,31,0,False,False,9,False,1,0,4,4,True,O
32,5,17471,5,26,99999,1798,3145,1893,3176,1798|1798|1798|1798|1798,3145|3145|3145|3145|3145,1893|1893|1893|1893|1893,3176|3176|3176|3176|3176,161,31,31,0,False,False,9,False,1,0,5,5,True,O
32,6,LB,2,32,99,2014,3148,2056,3178,2014|2014,3148|3148,2056|2056,3178|3178,121,30,30,0,True,False,9,False,1,0,0,6,False,O
33,0,0,1,0,9,873,3174,895,3206,873,3174,895,3206,0,32,32,0,False,False,9,False,1,0,1,0,True,O
34,0,Shipper,7,0,9999999,138,3291,309,3334,138|138|138|138|138|138|138,3291|3291|3291|3291|3291|3291|3291,309|309|309|309|309|309|309,3334|3334|3334|3334|3334|3334|3334,0,43,43,0,False,False,9,False,1,0,0,0,False,O
34,1,signature,9,8,999999999,333,3290,574,3334,333|333|333|333|333|333|333|333|333,3290|3290|3290|3290|3290|3290|3290|3290|3290,574|574|574|574|574|574|574|574|574,3334|3334|3334|3334|3334|3334|3334|3334|3334,24,44,44,0,False,False,9,False,1,0,0,0,False,O
34,2,:,1,17,9,333,3290,574,3334,333,3290,574,3334,-241,44,44,0,False,True,9,True,1,0,0,1,False,O
34,3,of,2,19,99,619,3234,793,3407,619|619,3234|3234,793|793,3407|3407,45,173,173,0,False,False,9,False,1,0,0,2,False,O
34,4,Driver,6,22,999999,1236,3254,1379,3294,1236|1236|1236|1236|1236|1236,3254|3254|3254|3254|3254|3254,1379|1379|1379|1379|1379|1379,3294|3294|3294|3294|3294|3294,443,40,40,0,False,False,9,False,1,0,0,3,False,O
34,5,signature,9,29,999999999,1400,3245,1632,3290,1400|1400|1400|1400|1400|1400|1400|1400|1400,3245|3245|3245|3245|3245|3245|3245|3245|3245,1632|1632|1632|1632|1632|1632|1632|1632|1632,3290|3290|3290|3290|3290|3290|3290|3290|3290,21,45,45,0,False,False,9,False,1,0,0,3,False,O
34,6,:,1,38,9,1400,3245,1632,3290,1400,3245,1632,3290,-232,45,45,0,False,True,9,True,1,0,0,4,False,O
35,0,WERE,4,0,9999,647,3397,724,3422,647|647|647|647,3397|3397|3397|3397,724|724|724|724,3422|3422|3422|3422,0,25,25,0,True,False,9,False,1,0,0,0,False,O
35,1,PRODUCED,8,5,99999999,728,3394,870,3420,728|728|728|728|728|728|728|728,3394|3394|3394|3394|3394|3394|3394|3394,870|870|870|870|870|870|870|870,3420|3420|3420|3420|3420|3420|3420|3420,4,26,26,0,True,False,9,False,1,0,0,0,False,O
35,2,IN,2,14,99,875,3392,902,3417,875|875,3392|3392,902|902,3417|3417,5,25,25,0,True,False,9,False,1,0,0,0,False,O
35,3,COMPLIANCE,10,17,9999999999,905,3386,1071,3416,905|905|905|905|905|905|905|905|905|905,3386|3386|3386|3386|3386|3386|3386|3386|3386|3386,1071|1071|1071|1071|1071|1071|1071|1071|1071|1071,3416|3416|3416|3416|3416|3416|3416|3416|3416|3416,3,30,30,0,True,False,9,False,1,0,0,0,False,O
35,4,WITH,4,28,9999,1074,3383,1141,3409,1074|1074|1074|1074,3383|3383|3383|3383,1141|1141|1141|1141,3409|3409|3409|3409,3,26,26,0,True,False,9,False,1,0,0,0,False,O
35,5,ALL,3,33,999,1142,3381,1188,3407,1142|1142|1142,3381|3381|3381,1188|1188|1188,3407|3407|3407,1,26,26,0,True,False,9,False,1,0,0,0,False,O
35,6,APPLICABLE,10,37,9999999999,1192,3375,1340,3404,1192|1192|1192|1192|1192|1192|1192|1192|1192|1192,3375|3375|3375|3375|3375|3375|3375|3375|3375|3375,1340|1340|1340|1340|1340|1340|1340|1340|1340|1340,3404|3404|3404|3404|3404|3404|3404|3404|3404|3404,4,29,29,0,True,False,9,False,1,0,0,0,False,O
35,7,REQUIREMENTS,12,48,999999999999,1344,3364,1536,3395,1344|1344|1344|1344|1344|1344|1344|1344|1344|1344|1344|1344,3364|3364|3364|3364|3364|3364|3364|3364|3364|3364|3364|3364,1536|1536|1536|1536|1536|1536|1536|1536|1536|1536|1536|1536,3395|3395|3395|3395|3395|3395|3395|3395|3395|3395|3395|3395,4,31,31,0,True,False,9,False,1,0,0,0,False,O
35,8,14,2,61,99,1409,3396,1436,3423,1409|1409,3396|3396,1436|1436,3423|3423,-127,27,27,0,False,False,9,False,1,0,2,0,True,O
35,9,THEREOF.,8,64,66666666,1442,3395,1562,3421,1442|1442|1442|1442|1442|1442|1442|1442,3395|3395|3395|3395|3395|3395|3395|3395,1562|1562|1562|1562|1562|1562|1562|1562,3421|3421|3421|3421|3421|3421|3421|3421,6,26,26,0,False,True,6,False,1,0,0,0,False,O
35,10,OF,2,73,99,1540,3363,1575,3389,1540|1540,3363|3363,1575|1575,3389|3389,-22,26,26,0,True,False,9,False,1,0,0,0,False,O
35,11,SECTIONS,8,76,99999999,1581,3363,1704,3390,1581|1581|1581|1581|1581|1581|1581|1581,3363|3363|3363|3363|3363|3363|3363|3363,1704|1704|1704|1704|1704|1704|1704|1704,3390|3390|3390|3390|3390|3390|3390|3390,6,27,27,0,True,False,9,False,1,0,0,0,False,O
35,12,"6,7",3,85,666,1710,3363,1744,3392,1710|1710|1710,3363|3363|3363,1744|1744|1744,3392|3392|3392,6,29,29,0,False,True,6,False,1,0,2,0,True,O
35,13,AND,3,89,999,1749,3364,1802,3389,1749|1749|1749,3364|3364|3364,1802|1802|1802,3389|3389|3389,5,25,25,0,True,False,9,False,1,0,0,0,False,O
35,14,12,2,93,99,1807,3364,1836,3389,1807|1807,3364|3364,1836|1836,3389|3389,5,25,25,0,False,False,9,False,1,0,2,0,True,O
35,15,OF,2,96,99,1842,3361,1875,3388,1842|1842,3361|3361,1875|1875,3388|3388,6,27,27,0,True,False,9,False,1,0,0,0,False,O
35,16,THE,3,99,999,1879,3362,1930,3388,1879|1879|1879,3362|3362|3362,1930|1930|1930,3388|3388|3388,4,26,26,0,True,False,9,False,1,0,0,0,False,O
35,17,FAIR,4,103,9999,1935,3362,1989,3388,1935|1935|1935|1935,3362|3362|3362|3362,1989|1989|1989|1989,3388|3388|3388|3388,5,26,26,0,True,False,9,False,1,0,0,0,False,O
35,18,LABOR,5,108,99999,1992,3362,2074,3388,1992|1992|1992|1992|1992,3362|3362|3362|3362|3362,2074|2074|2074|2074|2074,3388|3388|3388|3388|3388,3,26,26,0,True,False,9,False,1,0,0,0,False,O
35,19,STANDARDS,9,114,999999999,2079,3360,2227,3386,2079|2079|2079|2079|2079|2079|2079|2079|2079,3360|3360|3360|3360|3360|3360|3360|3360|3360,2227|2227|2227|2227|2227|2227|2227|2227|2227,3386|3386|3386|3386|3386|3386|3386|3386|3386,5,26,26,0,True,False,9,False,1,0,0,0,False,O
35,20,"ACT,",4,124,9999,2230,3359,2287,3386,2230|2230|2230|2230,3359|3359|3359|3359,2287|2287|2287|2287,3386|3386|3386|3386,3,27,27,0,False,True,9,False,1,0,0,0,False,O
35,21,AS,2,129,99,2290,3357,2325,3384,2290|2290,3357|3357,2325|2325,3384|3384,3,27,27,0,True,False,9,False,1,0,0,0,False,O
36,0,WE,2,0,99,127,3400,174,3425,127|127,3400|3400,174|174,3425|3425,0,25,25,0,True,False,9,False,1,0,0,0,False,O
36,1,AMERDED,7,3,3333333,131,3429,260,3455,131|131|131|131|131|131|131,3429|3429|3429|3429|3429|3429|3429,260|260|260|260|260|260|260,3455|3455|3455|3455|3455|3455|3455,-43,26,26,0,True,False,3,False,1,0,0,0,False,O
36,2,HEREBY,6,11,999999,176,3400,277,3426,176|176|176|176|176|176,3400|3400|3400|3400|3400|3400,277|277|277|277|277|277,3426|3426|3426|3426|3426|3426,-84,26,26,0,True,False,9,False,1,0,0,0,False,O
36,3,AND,3,18,999,265,3428,318,3454,265|265|265,3428|3428|3428,318|318|318,3454|3454|3454,-12,26,26,0,True,False,9,False,1,0,0,0,False,O
36,4,CERTIFY,7,22,9999999,282,3400,389,3425,282|282|282|282|282|282|282,3400|3400|3400|3400|3400|3400|3400,389|389|389|389|389|389|389,3425|3425|3425|3425|3425|3425|3425,-36,25,25,0,True,False,9,False,1,0,0,0,False,O
36,5,REGULATIONS,11,30,99999999999,323,3427,500,3453,323|323|323|323|323|323|323|323|323|323|323,3427|3427|3427|3427|3427|3427|3427|3427|3427|3427|3427,500|500|500|500|500|500|500|500|500|500|500,3453|3453|3453|3453|3453|3453|3453|3453|3453|3453|3453,-66,26,26,0,True,False,9,False,1,0,0,0,False,O
36,6,THAT,4,42,9999,393,3401,459,3425,393|393|393|393,3401|3401|3401|3401,459|459|459|459,3425|3425|3425|3425,-107,24,24,0,True,False,9,False,1,0,0,0,False,O
36,7,THESE,5,47,99999,463,3399,548,3426,463|463|463|463|463,3399|3399|3399|3399|3399,548|548|548|548|548,3426|3426|3426|3426|3426,4,27,27,0,True,False,9,False,1,0,0,0,False,O
36,8,OF,2,53,99,505,3428,541,3452,505|505,3428|3428,541|541,3452|3452,-43,24,24,0,True,False,9,False,1,0,0,0,False,O
36,9,THE,3,56,999,546,3428,596,3452,546|546|546,3428|3428|3428,596|596|596,3452|3452|3452,5,24,24,0,True,False,9,False,1,0,0,0,False,O
36,10,GOODS,5,60,99999,550,3400,645,3423,550|550|550|550|550,3400|3400|3400|3400|3400,645|645|645|645|645,3423|3423|3423|3423|3423,-46,23,23,0,True,False,9,False,1,0,0,0,False,O
36,11,UNITED,6,66,999999,601,3426,693,3451,601|601|601|601|601|601,3426|3426|3426|3426|3426|3426,693|693|693|693|693|693,3451|3451|3451|3451|3451|3451,-44,25,25,0,True,False,9,False,1,0,0,0,False,O
36,12,STATES,6,73,999999,697,3425,794,3450,697|697|697|697|697|697,3425|3425|3425|3425|3425|3425,794|794|794|794|794|794,3450|3450|3450|3450|3450|3450,4,25,25,0,True,False,9,False,1,0,0,0,False,O
36,13,DEPARTMENT,10,80,9999999999,799,3420,971,3447,799|799|799|799|799|799|799|799|799|799,3420|3420|3420|3420|3420|3420|3420|3420|3420|3420,971|971|971|971|971|971|971|971|971|971,3447|3447|3447|3447|3447|3447|3447|3447|3447|3447,5,27,27,0,True,False,9,False,1,0,0,0,False,O
36,14,OF,2,91,99,975,3416,1011,3441,975|975,3416|3416,1011|1011,3441|3441,4,25,25,0,True,False,9,False,1,0,0,0,False,O
36,15,"LABOR,",6,94,888888,1016,3414,1107,3440,1016|1016|1016|1016|1016|1016,3414|3414|3414|3414|3414|3414,1107|1107|1107|1107|1107|1107,3440|3440|3440|3440|3440|3440,5,26,26,0,False,True,8,False,1,0,0,0,False,O
36,16,ISSUED,6,101,999999,1112,3410,1203,3437,1112|1112|1112|1112|1112|1112,3410|3410|3410|3410|3410|3410,1203|1203|1203|1203|1203|1203,3437|3437|3437|3437|3437|3437,5,27,27,0,True,False,9,False,1,0,0,0,False,O
36,17,UNDER,5,108,99999,1208,3407,1294,3434,1208|1208|1208|1208|1208,3407|3407|3407|3407|3407,1294|1294|1294|1294|1294,3434|3434|3434|3434|3434,5,27,27,0,True,False,9,False,1,0,0,0,False,O
36,18,SECTION,7,114,9999999,1298,3400,1405,3430,1298|1298|1298|1298|1298|1298|1298,3400|3400|3400|3400|3400|3400|3400,1405|1405|1405|1405|1405|1405|1405,3430|3430|3430|3430|3430|3430|3430,4,30,30,0,True,False,9,False,1,0,0,0,False,O
36,19,Copy,4,122,9999,1574,3447,1653,3483,1574|1574|1574|1574,3447|3447|3447|3447,1653|1653|1653|1653,3483|3483|3483|3483,169,36,36,0,False,False,9,False,1,0,0,1,False,O
36,20,:,1,126,9,1574,3447,1653,3483,1574,3447,1653,3483,-79,36,36,0,False,True,9,True,1,0,0,2,False,O
36,21,1-Plant,7,128,2222222,1661,3446,2058,3479,1661|1661|1661|1661|1661|1661|1661,3446|3446|3446|3446|3446|3446|3446,2058|2058|2058|2058|2058|2058|2058,3479|3479|3479|3479|3479|3479|3479,8,33,33,0,False,True,2,False,1,0,1,3,False,O
36,22,/,1,135,2,1661,3446,2058,3479,1661,3446,2058,3479,-397,33,33,0,False,True,2,True,1,0,0,3,False,O
36,23,2-Driver,8,136,22222222,1661,3446,2058,3479,1661|1661|1661|1661|1661|1661|1661|1661,3446|3446|3446|3446|3446|3446|3446|3446,2058|2058|2058|2058|2058|2058|2058|2058,3479|3479|3479|3479|3479|3479|3479|3479,-397,33,33,0,False,True,2,False,1,0,1,3,False,O
36,24,/,1,144,2,1661,3446,2058,3479,1661,3446,2058,3479,-397,33,33,0,False,True,2,True,1,0,0,3,False,O
36,25,3-Trucking,10,145,2222222222,1661,3446,2058,3479,1661|1661|1661|1661|1661|1661|1661|1661|1661|1661,3446|3446|3446|3446|3446|3446|3446|3446|3446|3446,2058|2058|2058|2058|2058|2058|2058|2058|2058|2058,3479|3479|3479|3479|3479|3479|3479|3479|3479|3479,-397,33,33,0,False,True,2,False,1,0,1,3,False,O
36,26,14-Customer,11,156,99999999999,2193,3442,2364,3472,2193|2193|2193|2193|2193|2193|2193|2193|2193|2193|2193,3442|3442|3442|3442|3442|3442|3442|3442|3442|3442|3442,2364|2364|2364|2364|2364|2364|2364|2364|2364|2364|2364,3472|3472|3472|3472|3472|3472|3472|3472|3472|3472|3472,135,30,30,0,False,True,9,False,1,0,2,4,False,O
