,LineNo,WordSequence,Word,WordLength,WordStartCharPosition,WordConfLevel,Left_Word_Top_X,Left_Word_Top_Y,Right_Word_Bot_X,Right_Word_Bot_Y,LeftXForLetters,LeftYForLetters,RightXForLetters,RightYForLetters,Distance_From_Left_Word,Word_Height,CharWithMaxHeight,WordWidth,isCapitalLine,isSpecialChar,AvgWordConfidenceLevel,isPunctuationWord,PageNumber,AvgCharWidth,DigitCount,Phrase_Sequence,isNumeric,Label
0,1,0,SHREE,5,0,99999,676,129,962,193,676|676|676|676|676,129|129|129|129|129,962|962|962|962|962,193|193|193|193|193,0,64,64,0,True,False,9,False,1,0,0,0,False,B-Invoice_VendorAddressRecipient
1,1,1,BALAJI,6,6,999999,986,130,1291,194,986|986|986|986|986|986,130|130|130|130|130|130,1291|1291|1291|1291|1291|1291,194|194|194|194|194|194,24,64,64,0,True,False,9,False,1,0,0,0,False,I-Invoice_VendorAddressRecipient
2,1,2,TRANSPORT,9,13,999999999,1311,130,1826,194,1311|1311|1311|1311|1311|1311|1311|1311|1311,130|130|130|130|130|130|130|130|130,1826|1826|1826|1826|1826|1826|1826|1826|1826,194|194|194|194|194|194|194|194|194,20,64,64,0,True,False,9,False,1,0,0,0,False,I-Invoice_VendorAddressRecipient
3,2,0,FLEET,5,0,99999,893,222,988,251,893|893|893|893|893,222|222|222|222|222,988|988|988|988|988,251|251|251|251|251,0,29,29,0,True,False,9,False,1,0,0,0,False,I-Invoice_VendorAddressRecipient
4,2,1,OWNERS,6,6,999999,996,223,1138,251,996|996|996|996|996|996,223|223|223|223|223|223,1138|1138|1138|1138|1138|1138,251|251|251|251|251|251,8,28,28,0,True,False,9,False,1,0,0,0,False,I-Invoice_VendorAddressRecipient
5,2,2,&,1,13,9,1147,224,1171,251,1147,224,1171,251,9,27,27,0,False,True,9,True,1,0,0,0,False,I-Invoice_VendorAddressRecipient
6,2,3,TRANSPORT,9,15,999999999,1179,223,1365,251,1179|1179|1179|1179|1179|1179|1179|1179|1179,223|223|223|223|223|223|223|223|223,1365|1365|1365|1365|1365|1365|1365|1365|1365,251|251|251|251|251|251|251|251|251,8,28,28,0,True,False,9,False,1,0,0,0,False,I-Invoice_VendorAddressRecipient
7,2,4,CONTRACTORS,11,25,99999999999,1376,221,1614,251,1376|1376|1376|1376|1376|1376|1376|1376|1376|1376|1376,221|221|221|221|221|221|221|221|221|221|221,1614|1614|1614|1614|1614|1614|1614|1614|1614|1614|1614,251|251|251|251|251|251|251|251|251|251|251,11,30,30,0,True,False,9,False,1,0,0,0,False,I-Invoice_VendorAddressRecipient
8,3,0,C,1,0,5,570,275,640,313,570,275,640,313,0,38,38,0,True,False,5,False,1,0,0,0,False,B-Invoice_VendorAddress
9,3,1,/,1,1,5,570,275,640,313,570,275,640,313,-70,38,38,0,False,True,5,True,1,0,0,0,False,I-Invoice_VendorAddress
10,3,2,c.,2,2,55,570,275,640,313,570|570,275|275,640|640,313|313,-70,38,38,0,False,True,5,False,1,0,0,0,False,I-Invoice_VendorAddress
11,3,3,Mahendrabhai's,14,5,88888888888888,667,277,938,309,667|667|667|667|667|667|667|667|667|667|667|667|667|667,277|277|277|277|277|277|277|277|277|277|277|277|277|277,938|938|938|938|938|938|938|938|938|938|938|938|938|938,309|309|309|309|309|309|309|309|309|309|309|309|309|309,27,32,32,0,False,True,8,False,1,0,0,1,False,I-Invoice_VendorAddress
12,3,4,"Shop,Nea",8,20,99999999,953,277,1108,316,953|953|953|953|953|953|953|953,277|277|277|277|277|277|277|277,1108|1108|1108|1108|1108|1108|1108|1108,316|316|316|316|316|316|316|316,15,39,39,0,False,True,9,False,1,0,0,1,False,I-Invoice_VendorAddress
13,3,5,Jalaram,7,29,9999999,1143,280,1277,311,1143|1143|1143|1143|1143|1143|1143,280|280|280|280|280|280|280,1277|1277|1277|1277|1277|1277|1277,311|311|311|311|311|311|311,35,31,31,0,False,False,9,False,1,0,0,2,False,I-Invoice_VendorAddress
14,3,6,"Mandir,Bhavisa",14,37,99999999999999,1289,278,1550,315,1289|1289|1289|1289|1289|1289|1289|1289|1289|1289|1289|1289|1289|1289,278|278|278|278|278|278|278|278|278|278|278|278|278|278,1550|1550|1550|1550|1550|1550|1550|1550|1550|1550|1550|1550|1550|1550,315|315|315|315|315|315|315|315|315|315|315|315|315|315,12,37,37,0,False,True,9,False,1,0,0,2,False,I-Invoice_VendorAddress
15,3,7,"Falia,",6,52,777777,1563,278,1655,315,1563|1563|1563|1563|1563|1563,278|278|278|278|278|278,1655|1655|1655|1655|1655|1655,315|315|315|315|315|315,13,37,37,0,False,True,7,False,1,0,0,2,False,I-Invoice_VendorAddress
16,3,8,Umarkui,7,59,9999999,1670,279,1816,310,1670|1670|1670|1670|1670|1670|1670,279|279|279|279|279|279|279,1816|1816|1816|1816|1816|1816|1816,310|310|310|310|310|310|310,15,31,31,0,False,False,9,False,1,0,0,2,False,I-Invoice_VendorAddress
17,3,9,"Road,",5,67,99999,1828,279,1925,316,1828|1828|1828|1828|1828,279|279|279|279|279,1925|1925|1925|1925|1925,316|316|316|316|316,12,37,37,0,False,True,9,False,1,0,0,2,False,I-Invoice_VendorAddress
18,4,0,Siivassa,8,0,66666666,911,320,1052,352,911|911|911|911|911|911|911|911,320|320|320|320|320|320|320|320,1052|1052|1052|1052|1052|1052|1052|1052,352|352|352|352|352|352|352|352,0,32,32,0,False,False,6,False,1,0,0,0,False,I-Invoice_VendorAddress
19,4,1,-,1,9,9,1064,334,1080,344,1064,334,1080,344,12,10,10,0,False,True,9,True,1,0,0,0,False,I-Invoice_VendorAddress
20,4,2,396,3,11,888,1090,322,1245,355,1090|1090|1090,322|322|322,1245|1245|1245,355|355|355,10,33,33,0,False,False,8,False,1,0,3,0,True,I-Invoice_VendorAddress
21,4,3,230.,4,15,8888,1090,322,1245,355,1090|1090|1090|1090,322|322|322|322,1245|1245|1245|1245,355|355|355|355,-155,33,33,0,False,True,8,False,1,0,3,0,True,I-Invoice_VendorAddress
22,4,4,(U.T.,5,20,99999,1270,321,1353,359,1270|1270|1270|1270|1270,321|321|321|321|321,1353|1353|1353|1353|1353,359|359|359|359|359,25,38,38,0,False,True,9,False,1,0,0,1,False,I-Invoice_VendorAddress
23,4,5,Of,2,26,99,1366,321,1407,352,1366|1366,321|321,1407|1407,352|352,13,31,31,0,False,False,9,False,1,0,0,1,False,I-Invoice_VendorAddress
24,4,6,D.,2,29,99,1416,322,1452,352,1416|1416,322|322,1452|1452,352|352,9,30,30,0,False,True,9,False,1,0,0,1,False,I-Invoice_VendorAddress
25,4,7,&,1,32,9,1466,321,1493,351,1466,321,1493,351,14,30,30,0,False,True,9,True,1,0,0,1,False,I-Invoice_VendorAddress
26,4,8,N.H.),5,34,99999,1504,320,1595,358,1504|1504|1504|1504|1504,320|320|320|320|320,1595|1595|1595|1595|1595,358|358|358|358|358,11,38,38,0,False,True,9,False,1,0,0,1,False,I-Invoice_VendorAddress
27,5,0,Tele.,5,0,99999,641,361,725,392,641|641|641|641|641,361|361|361|361|361,725|725|725|725|725,392|392|392|392|392,0,31,31,0,False,True,9,False,1,0,0,0,False,O
28,5,1,No.,3,6,888,740,361,1284,398,740|740|740,361|361|361,1284|1284|1284,398|398|398,15,37,37,0,False,True,8,False,1,0,0,0,False,O
29,5,2,:,1,9,8,740,361,1284,398,740,361,1284,398,-544,37,37,0,False,True,8,True,1,0,0,1,False,O
30,5,3,"9377006677,9904141077.",22,10,8888888888888888888888,740,361,1284,398,740|740|740|740|740|740|740|740|740|740|740|740|740|740|740|740|740|740|740|740|740|740,361|361|361|361|361|361|361|361|361|361|361|361|361|361|361|361|361|361|361|361|361|361,1284|1284|1284|1284|1284|1284|1284|1284|1284|1284|1284|1284|1284|1284|1284|1284|1284|1284|1284|1284|1284|1284,398|398|398|398|398|398|398|398|398|398|398|398|398|398|398|398|398|398|398|398|398|398,-544,37,37,0,False,True,8,False,1,0,20,2,True,O
31,5,4,Email,5,33,99999,1291,363,1384,393,1291|1291|1291|1291|1291,363|363|363|363|363,1384|1384|1384|1384|1384,393|393|393|393|393,7,30,30,0,False,False,9,False,1,0,0,2,False,O
32,5,5,:,1,39,9,1399,369,1409,393,1399,369,1409,393,15,24,24,0,False,True,9,True,1,0,0,3,False,O
33,5,6,aankalge@rediffmail.com,23,41,77777777777777777777777,1422,362,1865,397,1422|1422|1422|1422|1422|1422|1422|1422|1422|1422|1422|1422|1422|1422|1422|1422|1422|1422|1422|1422|1422|1422|1422,362|362|362|362|362|362|362|362|362|362|362|362|362|362|362|362|362|362|362|362|362|362|362,1865|1865|1865|1865|1865|1865|1865|1865|1865|1865|1865|1865|1865|1865|1865|1865|1865|1865|1865|1865|1865|1865|1865,397|397|397|397|397|397|397|397|397|397|397|397|397|397|397|397|397|397|397|397|397|397|397,13,35,35,0,False,True,7,False,1,0,0,4,False,O
34,6,0,BILL,4,0,9999,1185,435,1337,483,1185|1185|1185|1185,435|435|435|435,1337|1337|1337|1337,483|483|483|483,0,48,48,0,True,False,9,False,1,0,0,0,False,O
35,7,0,"To,",3,0,999,208,542,267,578,208|208|208,542|542|542,267|267|267,578|578|578,0,36,36,0,False,True,9,False,1,0,0,0,False,O
36,7,1,NILKAMAL,8,4,99999999,299,541,502,574,299|299|299|299|299|299|299|299,541|541|541|541|541|541|541|541,502|502|502|502|502|502|502|502,574|574|574|574|574|574|574|574,32,33,33,0,True,False,9,False,1,0,0,0,False,B-Invoice_ShippingAddressRecipient
37,7,2,LIMITED,7,13,9999999,511,542,676,574,511|511|511|511|511|511|511,542|542|542|542|542|542|542,676|676|676|676|676|676|676,574|574|574|574|574|574|574,9,32,32,0,True,False,9,False,1,0,0,0,False,I-Invoice_ShippingAddressRecipient
38,7,3,Bill,4,21,9999,1889,552,1948,582,1889|1889|1889|1889,552|552|552|552,1948|1948|1948|1948,582|582|582|582,1213,30,30,0,False,False,9,False,1,0,0,1,False,O
39,7,4,No,2,26,99,1961,552,2013,582,1961|1961,552|552,2013|2013,582|582,13,30,30,0,False,False,9,False,1,0,0,1,False,O
40,7,5,:,1,29,9,2026,548,2152,584,2026,548,2152,584,13,36,36,0,False,True,9,True,1,0,0,2,False,B-Invoice_Bill_No
41,7,6,9051,4,30,9999,2026,548,2152,584,2026|2026|2026|2026,548|548|548|548,2152|2152|2152|2152,584|584|584|584,-126,36,36,0,False,False,9,False,1,0,4,3,True,I-Invoice_Bill_No
42,8,0,SR.,3,0,999,298,593,356,626,298|298|298,593|593|593,356|356|356,626|626|626,0,33,33,0,False,True,9,False,1,0,0,0,False,B-Invoice_ShippingAddress
43,8,1,NO.,3,4,999,370,593,432,626,370|370|370,593|593|593,432|432|432,626|626|626,14,33,33,0,False,True,9,False,1,0,0,0,False,I-Invoice_ShippingAddress
44,8,2,"354/2,SILVASSA",14,8,99999999999999,444,593,729,631,444|444|444|444|444|444|444|444|444|444|444|444|444|444,593|593|593|593|593|593|593|593|593|593|593|593|593|593,729|729|729|729|729|729|729|729|729|729|729|729|729|729,631|631|631|631|631|631|631|631|631|631|631|631|631|631,12,38,38,0,False,True,9,False,1,0,4,0,False,I-Invoice_ShippingAddress
45,8,3,KHANVEL,7,23,9999999,743,595,909,628,743|743|743|743|743|743|743,595|595|595|595|595|595|595,909|909|909|909|909|909|909,628|628|628|628|628|628|628,14,33,33,0,True,False,9,False,1,0,0,0,False,I-Invoice_ShippingAddress
46,8,4,"ROAD,",5,31,99999,920,597,1032,632,920|920|920|920|920,597|597|597|597|597,1032|1032|1032|1032|1032,632|632|632|632|632,11,35,35,0,False,True,9,False,1,0,0,0,False,I-Invoice_ShippingAddress
47,8,5,NEAR,4,37,9999,1036,598,1129,629,1036|1036|1036|1036,598|598|598|598,1129|1129|1129|1129,629|629|629|629,4,31,31,0,True,False,9,False,1,0,0,0,False,I-Invoice_ShippingAddress
48,8,6,RAKHOLI,7,42,9999999,1140,598,1296,628,1140|1140|1140|1140|1140|1140|1140,598|598|598|598|598|598|598,1296|1296|1296|1296|1296|1296|1296,628|628|628|628|628|628|628,11,30,30,0,True,False,9,False,1,0,0,0,False,I-Invoice_ShippingAddress
49,8,7,"BRIDGE,",7,50,9999999,1307,597,1451,632,1307|1307|1307|1307|1307|1307|1307,597|597|597|597|597|597|597,1451|1451|1451|1451|1451|1451|1451,632|632|632|632|632|632|632,11,35,35,0,False,True,9,False,1,0,0,0,False,I-Invoice_ShippingAddress
50,8,8,VASONA,6,58,999999,1452,597,1602,627,1452|1452|1452|1452|1452|1452,597|597|597|597|597|597,1602|1602|1602|1602|1602|1602,627|627|627|627|627|627,1,30,30,0,True,False,9,False,1,0,0,0,False,I-Invoice_ShippingAddress
51,8,9,VILLEGE,7,65,9999999,1612,596,1761,627,1612|1612|1612|1612|1612|1612|1612,596|596|596|596|596|596|596,1761|1761|1761|1761|1761|1761|1761,627|627|627|627|627|627|627,10,31,31,0,True,False,9,False,1,0,0,0,False,I-Invoice_ShippingAddress
52,8,10,Date,4,73,9999,1893,617,1973,646,1893|1893|1893|1893,617|617|617|617,1973|1973|1973|1973,646|646|646|646,132,29,29,0,False,False,9,False,1,0,0,1,False,O
53,8,11,:,1,78,9,1981,622,1992,646,1981,622,1992,646,8,24,24,0,False,True,9,True,1,0,0,2,False,O
54,8,12,10/03/2014,10,80,9999999999,1989,612,2258,652,1989|1989|1989|1989|1989|1989|1989|1989|1989|1989,612|612|612|612|612|612|612|612|612|612,2258|2258|2258|2258|2258|2258|2258|2258|2258|2258,652|652|652|652|652|652|652|652|652|652,-3,40,40,0,False,True,9,False,1,0,8,3,False,B-Invoice_InvoiceDate
55,9,0,VASONA-SILVASSA,15,0,999999999999999,296,647,630,679,296|296|296|296|296|296|296|296|296|296|296|296|296|296|296,647|647|647|647|647|647|647|647|647|647|647|647|647|647|647,630|630|630|630|630|630|630|630|630|630|630|630|630|630|630,679|679|679|679|679|679|679|679|679|679|679|679|679|679|679,0,32,32,0,False,True,9,False,1,0,0,0,False,I-Invoice_ShippingAddress
56,10,0,Being,5,0,99999,231,713,326,751,231|231|231|231|231,713|713|713|713|713,326|326|326|326|326,751|751|751|751|751,0,38,38,0,False,False,9,False,1,0,0,0,False,O
57,10,1,the,3,6,999,336,713,393,745,336|336|336,713|713|713,393|393|393,745|745|745,10,32,32,0,False,False,9,False,1,0,0,0,False,O
58,10,2,amount,6,10,999999,404,715,534,745,404|404|404|404|404|404,715|715|715|715|715|715,534|534|534|534|534|534,745|745|745|745|745|745,11,30,30,0,False,False,9,False,1,0,0,0,False,O
59,10,3,of,2,17,99,545,713,581,746,545|545,713|713,581|581,746|746,11,33,33,0,False,False,9,False,1,0,0,0,False,O
60,10,4,freight,7,20,9999999,588,713,704,752,588|588|588|588|588|588|588,713|713|713|713|713|713|713,704|704|704|704|704|704|704,752|752|752|752|752|752|752,7,39,39,0,False,False,9,False,1,0,0,0,False,O
61,10,5,charges,7,28,9999999,714,714,851,752,714|714|714|714|714|714|714,714|714|714|714|714|714|714,851|851|851|851|851|851|851,752|752|752|752|752|752|752,10,38,38,0,False,False,9,False,1,0,0,0,False,O
62,10,6,for,3,36,999,862,716,911,747,862|862|862,716|716|716,911|911|911,747|747|747,11,31,31,0,False,False,9,False,1,0,0,0,False,O
63,10,7,the,3,40,999,922,716,980,747,922|922|922,716|716|716,980|980|980,747|747|747,11,31,31,0,False,False,9,False,1,0,0,0,False,O
64,10,8,transportation,14,44,99999999999999,991,717,1236,753,991|991|991|991|991|991|991|991|991|991|991|991|991|991,717|717|717|717|717|717|717|717|717|717|717|717|717|717,1236|1236|1236|1236|1236|1236|1236|1236|1236|1236|1236|1236|1236|1236,753|753|753|753|753|753|753|753|753|753|753|753|753|753,11,36,36,0,False,False,9,False,1,0,0,0,False,O
65,10,9,of,2,59,99,1248,716,1282,747,1248|1248,716|716,1282|1282,747|747,12,31,31,0,False,False,9,False,1,0,0,0,False,O
66,10,10,your,4,62,9999,1291,723,1369,753,1291|1291|1291|1291,723|723|723|723,1369|1369|1369|1369,753|753|753|753,9,30,30,0,False,False,9,False,1,0,0,0,False,O
67,10,11,consignment.,12,67,999999999999,1380,716,1610,752,1380|1380|1380|1380|1380|1380|1380|1380|1380|1380|1380|1380,716|716|716|716|716|716|716|716|716|716|716|716,1610|1610|1610|1610|1610|1610|1610|1610|1610|1610|1610|1610,752|752|752|752|752|752|752|752|752|752|752|752,11,36,36,0,False,True,9,False,1,0,0,0,False,O
68,11,0,Srl,3,0,999,204,780,255,812,204|204|204,780|780|780,255|255|255,812|812|812,0,32,32,0,False,False,9,False,1,0,0,0,False,O
69,11,1,LR.,3,4,999,307,780,367,812,307|307|307,780|780|780,367|367|367,812|812|812,52,32,32,0,False,True,9,False,1,0,0,1,False,O
70,11,2,No.,3,8,999,380,781,442,812,380|380|380,781|781|781,442|442|442,812|812|812,13,31,31,0,False,True,9,False,1,0,0,1,False,O
71,11,3,Date,4,12,9999,542,781,631,813,542|542|542|542,781|781|781|781,631|631|631|631,813|813|813|813,100,32,32,0,False,False,9,False,1,0,0,2,False,O
72,11,4,Invoice,7,17,9999999,867,782,1014,813,867|867|867|867|867|867|867,782|782|782|782|782|782|782,1014|1014|1014|1014|1014|1014|1014,813|813|813|813|813|813|813,236,31,31,0,False,False,9,False,1,0,0,3,False,O
73,11,5,No.,3,25,999,1026,783,1089,814,1026|1026|1026,783|783|783,1089|1089|1089,814|814|814,12,31,31,0,False,True,9,False,1,0,0,3,False,O
74,11,6,Model,5,29,99999,1208,782,1317,814,1208|1208|1208|1208|1208,782|782|782|782|782,1317|1317|1317|1317|1317,814|814|814|814|814,119,32,32,0,False,False,9,False,1,0,0,4,False,O
75,11,7,Qty,3,35,999,1641,783,1710,818,1641|1641|1641,783|783|783,1710|1710|1710,818|818|818,324,35,35,0,False,False,9,False,1,0,0,5,False,O
76,11,8,FTL,3,39,999,1764,785,1833,815,1764|1764|1764,785|785|785,1833|1833|1833,815|815|815,54,30,30,0,True,False,9,False,1,0,0,6,False,O
77,11,9,Qty,3,43,999,1843,784,1910,822,1843|1843|1843,784|784|784,1910|1910|1910,822|822|822,10,38,38,0,False,False,9,False,1,0,0,6,False,O
78,11,10,Load,4,47,9999,1980,786,2069,816,1980|1980|1980|1980,786|786|786|786,2069|2069|2069|2069,816|816|816|816,70,30,30,0,False,False,9,False,1,0,0,7,False,O
79,11,11,Amount,6,52,999999,2163,784,2314,815,2163|2163|2163|2163|2163|2163,784|784|784|784|784|784,2314|2314|2314|2314|2314|2314,815|815|815|815|815|815,94,31,31,0,False,False,9,False,1,0,0,8,False,O
80,12,0,1,1,0,9,264,890,281,918,264,890,281,918,0,28,28,0,False,False,9,False,1,0,1,0,True,O
81,12,1,27967,5,2,99999,323,889,419,918,323|323|323|323|323,889|889|889|889|889,419|419|419|419|419,918|918|918|918|918,42,29,29,0,False,False,9,False,1,0,5,1,True,O
82,12,2,27/02/2014,10,8,9999999999,542,890,726,921,542|542|542|542|542|542|542|542|542|542,890|890|890|890|890|890|890|890|890|890,726|726|726|726|726|726|726|726|726|726,921|921|921|921|921|921|921|921|921|921,123,31,31,0,False,True,9,False,1,0,8,2,False,O
83,12,3,6101118505,10,19,9999999999,870,892,1069,920,870|870|870|870|870|870|870|870|870|870,892|892|892|892|892|892|892|892|892|892,1069|1069|1069|1069|1069|1069|1069|1069|1069|1069,920|920|920|920|920|920|920|920|920|920,144,28,28,0,False,False,9,False,1,0,10,3,True,B-Invoice_InvoiceId
84,12,4,FURNITURE,9,30,999999999,1209,887,1360,911,1209|1209|1209|1209|1209|1209|1209|1209|1209,887|887|887|887|887|887|887|887|887,1360|1360|1360|1360|1360|1360|1360|1360|1360,911|911|911|911|911|911|911|911|911,140,24,24,0,True,False,9,False,1,0,0,4,False,O
85,12,5,03,2,40,99,1369,887,1402,911,1369|1369,887|887,1402|1402,911|911,9,24,24,0,False,False,9,False,1,0,2,4,True,O
86,12,6,BANDAL,6,43,999999,1411,887,1523,911,1411|1411|1411|1411|1411|1411,887|887|887|887|887|887,1523|1523|1523|1523|1523|1523,911|911|911|911|911|911,9,24,24,0,True,False,9,False,1,0,0,4,False,O
87,12,7,3.00,4,50,9999,1640,892,1711,920,1640|1640|1640|1640,892|892|892|892,1711|1711|1711|1711,920|920|920|920,117,28,28,0,False,True,9,False,1,0,3,5,True,O
88,12,8,500.00,6,55,999999,2206,895,2316,922,2206|2206|2206|2206|2206|2206,895|895|895|895|895|895,2316|2316|2316|2316|2316|2316,922|922|922|922|922|922,495,27,27,0,False,True,9,False,1,0,5,6,True,O
89,13,0,20,2,0,99,1208,920,1242,944,1208|1208,920|920,1242|1242,944|944,0,24,24,0,False,False,9,False,1,0,2,0,True,O
90,13,1,FEET,4,3,9999,1250,920,1316,944,1250|1250|1250|1250,920|920|920|920,1316|1316|1316|1316,944|944|944|944,8,24,24,0,True,False,9,False,1,0,0,0,False,O
91,13,2,TURCK,5,8,99999,1323,920,1415,944,1323|1323|1323|1323|1323,920|920|920|920|920,1415|1415|1415|1415|1415,944|944|944|944|944,7,24,24,0,True,False,9,False,1,0,0,0,False,O
92,13,3,LOOD,4,14,9999,1421,919,1500,943,1421|1421|1421|1421,919|919|919|919,1500|1500|1500|1500,943|943|943|943,6,24,24,0,True,False,9,False,1,0,0,0,False,O
93,14,0,DOKMARDI,8,0,99999999,1209,952,1358,976,1209|1209|1209|1209|1209|1209|1209|1209,952|952|952|952|952|952|952|952,1358|1358|1358|1358|1358|1358|1358|1358,976|976|976|976|976|976|976|976,0,24,24,0,True,False,9,False,1,0,0,0,False,O
94,14,1,LR,2,9,99,1365,953,1399,976,1365|1365,953|953,1399|1399,976|976,7,23,23,0,True,False,9,False,1,0,0,0,False,O
95,14,2,NO,2,12,99,1407,952,1447,976,1407|1407,952|952,1447|1447,976|976,8,24,24,0,True,False,9,False,1,0,0,0,False,O
96,15,0,.27817,6,0,888888,1213,985,1301,1009,1213|1213|1213|1213|1213|1213,985|985|985|985|985|985,1301|1301|1301|1301|1301|1301,1009|1009|1009|1009|1009|1009,0,24,24,0,False,True,8,False,1,0,5,0,True,O
97,15,1,DELIVERY,8,7,99999999,1310,984,1442,1009,1310|1310|1310|1310|1310|1310|1310|1310,984|984|984|984|984|984|984|984,1442|1442|1442|1442|1442|1442|1442|1442,1009|1009|1009|1009|1009|1009|1009|1009,9,25,25,0,True,False,9,False,1,0,0,0,False,O
98,15,2,AT,2,16,99,1449,985,1487,1008,1449|1449,985|985,1487|1487,1008|1008,7,23,23,0,True,False,9,False,1,0,0,0,False,O
99,16,0,PUNE,4,0,9999,1209,1018,1280,1043,1209|1209|1209|1209,1018|1018|1018|1018,1280|1280|1280|1280,1043|1043|1043|1043,0,25,25,0,True,False,9,False,1,0,0,0,False,O
100,17,0,Lorry,5,0,99999,310,1060,379,1091,310|310|310|310|310,1060|1060|1060|1060|1060,379|379|379|379|379,1091|1091|1091|1091|1091,0,31,31,0,False,False,9,False,1,0,0,0,False,O
101,17,1,Type,4,6,9999,386,1061,451,1091,386|386|386|386,1061|1061|1061|1061,451|451|451|451,1091|1091|1091|1091,7,30,30,0,False,False,9,False,1,0,0,0,False,O
102,17,2,:,1,11,9,510,1066,519,1087,510,1066,519,1087,59,21,21,0,False,True,9,True,1,0,0,1,False,O
103,17,3,Vehicle,7,13,9999999,870,1061,967,1087,870|870|870|870|870|870|870,1061|1061|1061|1061|1061|1061|1061,967|967|967|967|967|967|967,1087|1087|1087|1087|1087|1087|1087,351,26,26,0,False,False,9,False,1,0,0,2,False,O
104,17,4,:,1,21,9,1064,1067,1072,1087,1064,1067,1072,1087,97,20,20,0,False,True,9,True,1,0,0,3,False,O
105,17,5,DN09E9915,9,23,999999999,1086,1062,1243,1087,1086|1086|1086|1086|1086|1086|1086|1086|1086,1062|1062|1062|1062|1062|1062|1062|1062|1062,1243|1243|1243|1243|1243|1243|1243|1243|1243,1087|1087|1087|1087|1087|1087|1087|1087|1087,14,25,25,0,False,False,9,False,1,0,6,4,False,O
106,17,6,Freight,7,33,9999999,1626,1061,1721,1091,1626|1626|1626|1626|1626|1626|1626,1061|1061|1061|1061|1061|1061|1061,1721|1721|1721|1721|1721|1721|1721,1091|1091|1091|1091|1091|1091|1091,383,30,30,0,False,False,9,False,1,0,0,5,False,O
107,17,7,:,1,41,9,1785,1067,1793,1086,1785,1067,1793,1086,64,19,19,0,False,True,9,True,1,0,0,6,False,O
108,17,8,500.00,6,43,999999,1893,1066,1989,1093,1893|1893|1893|1893|1893|1893,1066|1066|1066|1066|1066|1066,1989|1989|1989|1989|1989|1989,1093|1093|1093|1093|1093|1093,100,27,27,0,False,True,9,False,1,0,5,7,True,O
109,18,0,From,4,0,9999,311,1110,378,1134,311|311|311|311,1110|1110|1110|1110,378|378|378|378,1134|1134|1134|1134,0,24,24,0,False,False,9,False,1,0,0,0,False,O
110,18,1,:,1,5,9,510,1113,519,1135,510,1113,519,1135,132,22,22,0,False,True,9,True,1,0,0,1,False,O
111,18,2,Vasona,6,7,999999,541,1109,638,1134,541|541|541|541|541|541,1109|1109|1109|1109|1109|1109,638|638|638|638|638|638,1134|1134|1134|1134|1134|1134,22,25,25,0,False,False,9,False,1,0,0,2,False,O
112,18,3,Consignor,9,14,999999999,869,1110,1006,1139,869|869|869|869|869|869|869|869|869,1110|1110|1110|1110|1110|1110|1110|1110|1110,1006|1006|1006|1006|1006|1006|1006|1006|1006,1139|1139|1139|1139|1139|1139|1139|1139|1139,231,29,29,0,False,False,9,False,1,0,0,3,False,O
113,18,4,:,1,24,9,1065,1117,1072,1134,1065,1117,1072,1134,59,17,17,0,False,True,9,True,1,0,0,4,False,O
114,18,5,NILKAMAL,8,26,99999999,1086,1106,1223,1130,1086|1086|1086|1086|1086|1086|1086|1086,1106|1106|1106|1106|1106|1106|1106|1106,1223|1223|1223|1223|1223|1223|1223|1223,1130|1130|1130|1130|1130|1130|1130|1130,14,24,24,0,True,False,9,False,1,0,0,5,False,O
115,18,6,LIMITED,7,35,9999999,1230,1105,1342,1130,1230|1230|1230|1230|1230|1230|1230,1105|1105|1105|1105|1105|1105|1105,1342|1342|1342|1342|1342|1342|1342,1130|1130|1130|1130|1130|1130|1130,7,25,25,0,True,False,9,False,1,0,0,5,False,O
116,18,7,Hamali,6,43,888888,1626,1109,1719,1135,1626|1626|1626|1626|1626|1626,1109|1109|1109|1109|1109|1109,1719|1719|1719|1719|1719|1719,1135|1135|1135|1135|1135|1135,284,26,26,0,False,False,8,False,1,0,0,6,False,O
117,18,8,:,1,50,9,1786,1116,1794,1134,1786,1116,1794,1134,67,18,18,0,False,True,9,True,1,0,0,7,False,O
118,18,9,0.00,4,52,9999,1928,1115,1990,1140,1928|1928|1928|1928,1115|1115|1115|1115,1990|1990|1990|1990,1140|1140|1140|1140,134,25,25,0,False,True,9,False,1,0,3,8,True,O
119,19,0,To,2,0,99,309,1153,344,1177,309|309,1153|1153,344|344,1177|1177,0,24,24,0,False,False,9,False,1,0,0,0,False,O
120,19,1,:,1,3,9,511,1157,520,1178,511,1157,520,1178,167,21,21,0,False,True,9,True,1,0,0,1,False,O
121,19,2,Kolhapur,8,5,99999999,543,1153,662,1183,543|543|543|543|543|543|543|543,1153|1153|1153|1153|1153|1153|1153|1153,662|662|662|662|662|662|662|662,1183|1183|1183|1183|1183|1183|1183|1183,23,30,30,0,False,False,9,False,1,0,0,2,False,O
122,19,3,"[m,h]",5,14,99999,669,1152,745,1183,669|669|669|669|669,1152|1152|1152|1152|1152,745|745|745|745|745,1183|1183|1183|1183|1183,7,31,31,0,False,True,9,False,1,0,0,2,False,O
123,19,4,Consignee,9,20,999999999,872,1154,1013,1183,872|872|872|872|872|872|872|872|872,1154|1154|1154|1154|1154|1154|1154|1154|1154,1013|1013|1013|1013|1013|1013|1013|1013|1013,1183|1183|1183|1183|1183|1183|1183|1183|1183,127,29,29,0,False,False,9,False,1,0,0,3,False,O
124,19,5,:,1,30,9,1064,1160,1072,1178,1064,1160,1072,1178,51,18,18,0,False,True,9,True,1,0,0,4,False,O
125,19,6,RAJENDRA,8,32,99999999,1087,1155,1229,1178,1087|1087|1087|1087|1087|1087|1087|1087,1155|1155|1155|1155|1155|1155|1155|1155,1229|1229|1229|1229|1229|1229|1229|1229,1178|1178|1178|1178|1178|1178|1178|1178,15,23,23,0,True,False,9,False,1,0,0,5,False,O
126,19,7,ANNASO,6,41,999999,1236,1154,1349,1178,1236|1236|1236|1236|1236|1236,1154|1154|1154|1154|1154|1154,1349|1349|1349|1349|1349|1349,1178|1178|1178|1178|1178|1178,7,24,24,0,True,False,9,False,1,0,0,5,False,O
127,19,8,JADHAV,6,48,999999,1358,1153,1466,1178,1358|1358|1358|1358|1358|1358,1153|1153|1153|1153|1153|1153,1466|1466|1466|1466|1466|1466,1178|1178|1178|1178|1178|1178,9,25,25,0,True,False,9,False,1,0,0,5,False,O
128,19,9,Welting,7,55,7777777,1625,1153,1727,1183,1625|1625|1625|1625|1625|1625|1625,1153|1153|1153|1153|1153|1153|1153,1727|1727|1727|1727|1727|1727|1727,1183|1183|1183|1183|1183|1183|1183,159,30,30,0,False,False,7,False,1,0,0,6,False,O
129,19,10,:,1,63,9,1786,1158,1795,1178,1786,1158,1795,1178,59,20,20,0,False,True,9,True,1,0,0,7,False,O
130,20,0,joint,5,0,77777,279,1255,436,1317,279|279|279|279|279,1255|1255|1255|1255|1255,436|436|436|436|436,1317|1317|1317|1317|1317,0,62,62,0,False,False,7,False,1,0,0,0,False,O
131,20,1,load,4,6,9999,466,1236,590,1312,466|466|466|466,1236|1236|1236|1236,590|590|590|590,1312|1312|1312|1312,30,76,76,0,False,False,9,False,1,0,0,0,False,O
132,21,0,with,4,0,9999,212,1353,351,1417,212|212|212|212,1353|1353|1353|1353,351|351|351|351,1417|1417|1417|1417,0,64,64,0,False,False,9,False,1,0,0,0,False,O
133,21,1,LR,2,5,55,366,1351,500,1401,366|366,1351|1351,500|500,1401|1401,15,50,50,0,True,False,5,False,1,0,0,0,False,O
134,21,2,No,2,8,55,366,1351,500,1401,366|366,1351|1351,500|500,1401|1401,-134,50,50,0,False,False,5,False,1,0,0,0,False,O
135,21,3,7817,4,11,9999,570,1337,716,1385,570|570|570|570,1337|1337|1337|1337,716|716|716|716,1385|1385|1385|1385,70,48,48,0,False,False,9,False,1,0,4,1,True,O
136,22,0,1000370232,10,0,9999999999,779,1587,1186,1641,779|779|779|779|779|779|779|779|779|779,1587|1587|1587|1587|1587|1587|1587|1587|1587|1587,1186|1186|1186|1186|1186|1186|1186|1186|1186|1186,1641|1641|1641|1641|1641|1641|1641|1641|1641|1641,0,54,54,0,False,False,9,False,1,0,10,0,True,O
137,23,0,80/6002,7,0,9999999,938,1691,1207,1762,938|938|938|938|938|938|938,1691|1691|1691|1691|1691|1691|1691,1207|1207|1207|1207|1207|1207|1207,1762|1762|1762|1762|1762|1762|1762,0,71,71,0,False,True,9,False,1,0,6,0,False,O
138,24,0,officully,9,0,222222222,755,1884,984,2024,755|755|755|755|755|755|755|755|755,1884|1884|1884|1884|1884|1884|1884|1884|1884,984|984|984|984|984|984|984|984|984,2024|2024|2024|2024|2024|2024|2024|2024|2024,0,140,140,0,False,False,2,False,1,0,0,0,False,O
139,24,1,B,1,10,2,1744,1992,2020,2363,1744,1992,2020,2363,760,371,371,0,True,False,2,False,1,0,0,1,False,O
140,25,0,1000-000608,11,0,88888888888,1036,2028,1242,2066,1036|1036|1036|1036|1036|1036|1036|1036|1036|1036|1036,2028|2028|2028|2028|2028|2028|2028|2028|2028|2028|2028,1242|1242|1242|1242|1242|1242|1242|1242|1242|1242|1242,2066|2066|2066|2066|2066|2066|2066|2066|2066|2066|2066,0,38,38,0,False,True,8,False,1,0,10,0,False,O
141,26,0,PAN,3,0,999,209,2528,289,2560,209|209|209,2528|2528|2528,289|289|289,2560|2560|2560,0,32,32,0,True,False,9,False,1,0,0,0,False,O
142,26,1,NO,2,4,99,301,2527,358,2559,301|301,2527|2527,358|358,2559|2559,12,32,32,0,True,False,9,False,1,0,0,0,False,O
143,26,2,:,1,7,9,371,2533,382,2557,371,2533,382,2557,13,24,24,0,False,True,9,True,1,0,0,1,False,O
144,26,3,AEPPA1393H,10,9,9999999999,393,2526,642,2557,393|393|393|393|393|393|393|393|393|393,2526|2526|2526|2526|2526|2526|2526|2526|2526|2526,642|642|642|642|642|642|642|642|642|642,2557|2557|2557|2557|2557|2557|2557|2557|2557|2557,11,31,31,0,False,False,9,False,1,0,4,2,False,O
145,26,4,Total,5,20,99999,1768,2514,1865,2545,1768|1768|1768|1768|1768,2514|2514|2514|2514|2514,1865|1865|1865|1865|1865,2545|2545|2545|2545|2545,1126,31,31,0,False,False,9,False,1,0,0,3,False,O
146,26,5,Amount,6,26,999999,1877,2514,2027,2544,1877|1877|1877|1877|1877|1877,2514|2514|2514|2514|2514|2514,2027|2027|2027|2027|2027|2027,2544|2544|2544|2544|2544|2544,12,30,30,0,False,False,9,False,1,0,0,3,False,O
147,26,6,500.00,6,33,999999,2194,2508,2318,2539,2194|2194|2194|2194|2194|2194,2508|2508|2508|2508|2508|2508,2318|2318|2318|2318|2318|2318,2539|2539|2539|2539|2539|2539,167,31,31,0,False,True,9,False,1,0,5,4,True,O
148,27,0,Rupees,6,0,999999,203,2596,331,2632,203|203|203|203|203|203,2596|2596|2596|2596|2596|2596,331|331|331|331|331|331,2632|2632|2632|2632|2632|2632,0,36,36,0,False,False,9,False,1,0,0,0,False,O
149,27,1,:,1,6,9,203,2596,331,2632,203,2596,331,2632,-128,36,36,0,False,True,9,True,1,0,0,1,False,O
150,27,2,Five,4,8,9999,337,2594,408,2625,337|337|337|337,2594|2594|2594|2594,408|408|408|408,2625|2625|2625|2625,6,31,31,0,False,False,9,False,1,0,0,2,False,O
151,27,3,Hundred,7,13,9999999,429,2593,576,2624,429|429|429|429|429|429|429,2593|2593|2593|2593|2593|2593|2593,576|576|576|576|576|576|576,2624|2624|2624|2624|2624|2624|2624,21,31,31,0,False,False,9,False,1,0,0,2,False,O
152,27,4,Only,4,21,9999,608,2591,686,2629,608|608|608|608,2591|2591|2591|2591,686|686|686|686,2629|2629|2629|2629,32,38,38,0,False,False,9,False,1,0,0,2,False,O
153,27,5,TOTAL,5,26,99999,1869,2588,1995,2619,1869|1869|1869|1869|1869,2588|2588|2588|2588|2588,1995|1995|1995|1995|1995,2619|2619|2619|2619|2619,1183,31,31,0,True,False,9,False,1,0,0,3,False,O
154,27,6,500.00,6,32,999999,2193,2582,2315,2613,2193|2193|2193|2193|2193|2193,2582|2582|2582|2582|2582|2582,2315|2315|2315|2315|2315|2315,2613|2613|2613|2613|2613|2613,198,31,31,0,False,True,9,False,1,0,5,4,True,B-Invoice_InvoiceTotal
155,28,0,E.,2,0,66,2165,2643,2305,2674,2165|2165,2643|2643,2305|2305,2674|2674,0,31,31,0,False,True,6,False,1,0,0,0,False,O
156,28,1,&,1,3,6,2165,2643,2305,2674,2165,2643,2305,2674,-140,31,31,0,False,True,6,True,1,0,0,0,False,O
157,28,2,O.E.,4,5,6666,2165,2643,2305,2674,2165|2165|2165|2165,2643|2643|2643|2643,2305|2305|2305|2305,2674|2674|2674|2674,-140,31,31,0,False,True,6,False,1,0,0,0,False,O
158,29,0,SUBJECT,7,0,9999999,209,2729,329,2755,209|209|209|209|209|209|209,2729|2729|2729|2729|2729|2729|2729,329|329|329|329|329|329|329,2755|2755|2755|2755|2755|2755|2755,0,26,26,0,True,False,9,False,1,0,0,0,False,O
159,29,1,TO,2,8,99,337,2729,375,2754,337|337,2729|2729,375|375,2754|2754,8,25,25,0,True,False,9,False,1,0,0,0,False,O
160,29,2,SILVASSA,8,11,99999999,383,2727,517,2753,383|383|383|383|383|383|383|383,2727|2727|2727|2727|2727|2727|2727|2727,517|517|517|517|517|517|517|517,2753|2753|2753|2753|2753|2753|2753|2753,8,26,26,0,True,False,9,False,1,0,0,0,False,O
161,29,3,JURISDICTION,12,20,999999999999,524,2726,720,2751,524|524|524|524|524|524|524|524|524|524|524|524,2726|2726|2726|2726|2726|2726|2726|2726|2726|2726|2726|2726,720|720|720|720|720|720|720|720|720|720|720|720,2751|2751|2751|2751|2751|2751|2751|2751|2751|2751|2751|2751,7,25,25,0,True,False,9,False,1,0,0,0,False,O
162,30,0,Note,4,0,9999,207,2764,272,2788,207|207|207|207,2764|2764|2764|2764,272|272|272|272,2788|2788|2788|2788,0,24,24,0,False,False,9,False,1,0,0,0,False,O
163,30,1,:,1,5,9,280,2768,288,2787,280,2768,288,2787,8,19,19,0,False,True,9,True,1,0,0,1,False,O
164,30,2,1.,2,7,99,345,2765,369,2789,345|345,2765|2765,369|369,2789|2789,57,24,24,0,False,True,9,False,1,0,1,2,True,O
165,30,3,Please,6,10,999999,379,2764,463,2789,379|379|379|379|379|379,2764|2764|2764|2764|2764|2764,463|463|463|463|463|463,2789|2789|2789|2789|2789|2789,10,25,25,0,False,False,9,False,1,0,0,2,False,O
166,30,4,Make,4,17,9999,470,2764,540,2788,470|470|470|470,2764|2764|2764|2764,540|540|540|540,2788|2788|2788|2788,7,24,24,0,False,False,9,False,1,0,0,2,False,O
167,30,5,Payment,7,22,9999999,548,2763,665,2793,548|548|548|548|548|548|548,2763|2763|2763|2763|2763|2763|2763,665|665|665|665|665|665|665,2793|2793|2793|2793|2793|2793|2793,8,30,30,0,False,False,9,False,1,0,0,2,False,O
168,30,6,Bill,4,30,9999,673,2761,711,2787,673|673|673|673,2761|2761|2761|2761,711|711|711|711,2787|2787|2787|2787,8,26,26,0,False,False,9,False,1,0,0,2,False,O
169,30,7,to,2,35,99,720,2763,747,2786,720|720,2763|2763,747|747,2786|2786,9,23,23,0,False,False,9,False,1,0,0,2,False,O
170,30,8,Bill,4,38,9999,757,2761,795,2787,757|757|757|757,2761|2761|2761|2761,795|795|795|795,2787|2787|2787|2787,10,26,26,0,False,False,9,False,1,0,0,2,False,O
171,30,9,Only.,5,43,99999,804,2760,875,2791,804|804|804|804|804,2760|2760|2760|2760|2760,875|875|875|875|875,2791|2791|2791|2791|2791,9,31,31,0,False,True,9,False,1,0,0,2,False,O
172,30,10,For,3,49,999,1781,2749,1838,2778,1781|1781|1781,2749|2749|2749,1838|1838|1838,2778|2778|2778,906,29,29,0,False,False,9,False,1,0,0,3,False,O
173,30,11,SHREE,5,53,99999,1846,2748,1963,2777,1846|1846|1846|1846|1846,2748|2748|2748|2748|2748,1963|1963|1963|1963|1963,2777|2777|2777|2777|2777,8,29,29,0,True,False,9,False,1,0,0,3,False,O
174,30,12,BALAJI,6,59,999999,1973,2747,2093,2777,1973|1973|1973|1973|1973|1973,2747|2747|2747|2747|2747|2747,2093|2093|2093|2093|2093|2093,2777|2777|2777|2777|2777|2777,10,30,30,0,True,False,9,False,1,0,0,3,False,O
175,30,13,TRANSPORT,9,66,999999999,2101,2745,2313,2775,2101|2101|2101|2101|2101|2101|2101|2101|2101,2745|2745|2745|2745|2745|2745|2745|2745|2745,2313|2313|2313|2313|2313|2313|2313|2313|2313,2775|2775|2775|2775|2775|2775|2775|2775|2775,8,30,30,0,True,False,9,False,1,0,0,3,False,O
176,31,0,2.,2,0,99,350,2806,375,2830,350|350,2806|2806,375|375,2830|2830,0,24,24,0,False,True,9,False,1,0,1,0,True,O
177,31,1,Payment,7,3,9999999,386,2806,501,2835,386|386|386|386|386|386|386,2806|2806|2806|2806|2806|2806|2806,501|501|501|501|501|501|501,2835|2835|2835|2835|2835|2835|2835,11,29,29,0,False,False,9,False,1,0,0,0,False,O
178,31,2,Should,6,11,999999,508,2803,599,2829,508|508|508|508|508|508,2803|2803|2803|2803|2803|2803,599|599|599|599|599|599,2829|2829|2829|2829|2829|2829,7,26,26,0,False,False,9,False,1,0,0,0,False,O
179,31,3,Be,2,18,99,607,2803,642,2827,607|607,2803|2803,642|642,2827|2827,8,24,24,0,False,False,9,False,1,0,0,0,False,O
180,31,4,Made,4,21,9999,650,2802,723,2827,650|650|650|650,2802|2802|2802|2802,723|723|723|723,2827|2827|2827|2827,8,25,25,0,False,False,9,False,1,0,0,0,False,O
181,31,5,In,2,26,99,731,2802,759,2827,731|731,2802|2802,759|759,2827|2827,8,25,25,0,False,False,9,False,1,0,0,0,False,O
182,31,6,Favour,6,29,999999,768,2801,863,2826,768|768|768|768|768|768,2801|2801|2801|2801|2801|2801,863|863|863|863|863|863,2826|2826|2826|2826|2826|2826,9,25,25,0,False,False,9,False,1,0,0,0,False,O
183,31,7,Of,2,36,99,870,2801,903,2825,870|870,2801|2801,903|903,2825|2825,7,24,24,0,False,False,9,False,1,0,0,0,False,O
184,31,8,SHREE,5,39,99999,910,2800,1003,2824,910|910|910|910|910,2800|2800|2800|2800|2800,1003|1003|1003|1003|1003,2824|2824|2824|2824|2824,7,24,24,0,True,False,9,False,1,0,0,0,False,O
185,31,9,BALAJI,6,45,999999,1011,2800,1105,2824,1011|1011|1011|1011|1011|1011,2800|2800|2800|2800|2800|2800,1105|1105|1105|1105|1105|1105,2824|2824|2824|2824|2824|2824,8,24,24,0,True,False,9,False,1,0,0,0,False,O
186,31,10,"TRANSPORT""",10,52,9999999999,1111,2800,1286,2824,1111|1111|1111|1111|1111|1111|1111|1111|1111|1111,2800|2800|2800|2800|2800|2800|2800|2800|2800|2800,1286|1286|1286|1286|1286|1286|1286|1286|1286|1286,2824|2824|2824|2824|2824|2824|2824|2824|2824|2824,6,24,24,0,False,True,9,False,1,0,0,0,False,O
187,32,0,HDFC,4,0,9999,350,2838,426,2863,350|350|350|350,2838|2838|2838|2838,426|426|426|426,2863|2863|2863|2863,0,25,25,0,True,False,9,False,1,0,0,0,False,O
188,32,1,BANK,4,5,9999,433,2838,506,2862,433|433|433|433,2838|2838|2838|2838,506|506|506|506,2862|2862|2862|2862,7,24,24,0,True,False,9,False,1,0,0,0,False,O
189,32,2,LTD.,4,10,9999,514,2837,573,2861,514|514|514|514,2837|2837|2837|2837,573|573|573|573,2861|2861|2861|2861,8,24,24,0,False,True,9,False,1,0,0,0,False,O
190,32,3,A,1,15,9,582,2836,634,2864,582,2836,634,2864,9,28,28,0,True,False,9,False,1,0,0,0,False,O
191,32,4,/,1,16,9,582,2836,634,2864,582,2836,634,2864,-52,28,28,0,False,True,9,True,1,0,0,0,False,O
192,32,5,C,1,17,9,582,2836,634,2864,582,2836,634,2864,-52,28,28,0,True,False,9,False,1,0,0,0,False,O
193,32,6,NO,2,19,99,641,2836,683,2860,641|641,2836|2836,683|683,2860|2860,7,24,24,0,True,False,9,False,1,0,0,0,False,O
194,32,7,:,1,22,9,692,2841,702,2859,692,2841,702,2859,9,18,18,0,False,True,9,True,1,0,0,1,False,O
195,32,8,00742000015761,14,24,99999999999999,712,2834,951,2859,712|712|712|712|712|712|712|712|712|712|712|712|712|712,2834|2834|2834|2834|2834|2834|2834|2834|2834|2834|2834|2834|2834|2834,951|951|951|951|951|951|951|951|951|951|951|951|951|951,2859|2859|2859|2859|2859|2859|2859|2859|2859|2859|2859|2859|2859|2859,10,25,25,0,False,False,9,False,1,0,14,2,True,O
196,33,0,We,2,0,99,215,2885,258,2908,215|215,2885|2885,258|258,2908|2908,0,23,23,0,False,False,9,False,1,0,0,0,False,O
197,33,1,hereby,6,3,999999,266,2883,358,2912,266|266|266|266|266|266,2883|2883|2883|2883|2883|2883,358|358|358|358|358|358,2912|2912|2912|2912|2912|2912,8,29,29,0,False,False,9,False,1,0,0,0,False,O
198,33,2,Declare,7,10,9999999,367,2882,465,2907,367|367|367|367|367|367|367,2882|2882|2882|2882|2882|2882|2882,465|465|465|465|465|465|465,2907|2907|2907|2907|2907|2907|2907,9,25,25,0,False,False,9,False,1,0,0,0,False,O
199,33,3,that,4,18,9999,472,2881,528,2906,472|472|472|472,2881|2881|2881|2881,528|528|528|528,2906|2906|2906|2906,7,25,25,0,False,False,9,False,1,0,0,0,False,O
200,33,4,we,2,23,99,534,2886,573,2905,534|534,2886|2886,573|573,2905|2905,6,19,19,0,False,False,9,False,1,0,0,0,False,O
201,33,5,have,4,26,9999,581,2880,646,2905,581|581|581|581,2880|2880|2880|2880,646|646|646|646,2905|2905|2905|2905,8,25,25,0,False,False,9,False,1,0,0,0,False,O
202,33,6,not,3,31,999,654,2880,699,2904,654|654|654,2880|2880|2880,699|699|699,2904|2904|2904,8,24,24,0,False,False,9,False,1,0,0,0,False,O
203,33,7,taken,5,35,99999,705,2879,782,2903,705|705|705|705|705,2879|2879|2879|2879|2879,782|782|782|782|782,2903|2903|2903|2903|2903,6,24,24,0,False,False,9,False,1,0,0,0,False,O
204,33,8,CENVAT,6,41,999999,791,2878,904,2902,791|791|791|791|791|791,2878|2878|2878|2878|2878|2878,904|904|904|904|904|904,2902|2902|2902|2902|2902|2902,9,24,24,0,True,False,9,False,1,0,0,0,False,O
205,33,9,credit,6,48,999999,911,2876,988,2901,911|911|911|911|911|911,2876|2876|2876|2876|2876|2876,988|988|988|988|988|988,2901|2901|2901|2901|2901|2901,7,25,25,0,False,False,9,False,1,0,0,0,False,O
206,33,10,of,2,55,99,997,2875,1024,2901,997|997,2875|2875,1024|1024,2901|2901,9,26,26,0,False,False,9,False,1,0,0,0,False,O
207,33,11,duty,4,58,9999,1028,2876,1092,2907,1028|1028|1028|1028,2876|2876|2876|2876,1092|1092|1092|1092,2907|2907|2907|2907,4,31,31,0,False,False,9,False,1,0,0,0,False,O
208,33,12,paid,4,63,9999,1100,2875,1155,2906,1100|1100|1100|1100,2875|2875|2875|2875,1155|1155|1155|1155,2906|2906|2906|2906,8,31,31,0,False,False,9,False,1,0,0,0,False,O
209,33,13,om,2,68,99,1164,2881,1205,2901,1164|1164,2881|2881,1205|1205,2901|2901,9,20,20,0,False,False,9,False,1,0,0,0,False,O
210,33,14,inputs,6,71,666666,1214,2875,1294,2905,1214|1214|1214|1214|1214|1214,2875|2875|2875|2875|2875|2875,1294|1294|1294|1294|1294|1294,2905|2905|2905|2905|2905|2905,9,30,30,0,False,False,6,False,1,0,0,0,False,O
211,33,15,services,8,78,99999999,1303,2874,1409,2899,1303|1303|1303|1303|1303|1303|1303|1303,2874|2874|2874|2874|2874|2874|2874|2874,1409|1409|1409|1409|1409|1409|1409|1409,2899|2899|2899|2899|2899|2899|2899|2899,9,25,25,0,False,False,9,False,1,0,0,0,False,O
212,33,16,used,4,87,9999,1427,2873,1490,2897,1427|1427|1427|1427,2873|2873|2873|2873,1490|1490|1490|1490,2897|2897|2897|2897,18,24,24,0,False,False,9,False,1,0,0,1,False,O
213,33,17,for,3,92,999,1498,2872,1538,2896,1498|1498|1498,2872|2872|2872,1538|1538|1538,2896|2896|2896,8,24,24,0,False,False,9,False,1,0,0,1,False,O
214,34,0,providing,9,0,999999999,216,2916,337,2946,216|216|216|216|216|216|216|216|216,2916|2916|2916|2916|2916|2916|2916|2916|2916,337|337|337|337|337|337|337|337|337,2946|2946|2946|2946|2946|2946|2946|2946|2946,0,30,30,0,False,False,9,False,1,0,0,0,False,O
215,34,1,service,7,10,9999999,346,2915,439,2939,346|346|346|346|346|346|346,2915|2915|2915|2915|2915|2915|2915,439|439|439|439|439|439|439,2939|2939|2939|2939|2939|2939|2939,9,24,24,0,False,False,9,False,1,0,0,0,False,O
216,34,2,of,2,18,99,447,2913,473,2938,447|447,2913|2913,473|473,2938|2938,8,25,25,0,False,False,9,False,1,0,0,0,False,O
217,34,3,transportation,14,21,99999999999999,480,2912,667,2942,480|480|480|480|480|480|480|480|480|480|480|480|480|480,2912|2912|2912|2912|2912|2912|2912|2912|2912|2912|2912|2912|2912|2912,667|667|667|667|667|667|667|667|667|667|667|667|667|667,2942|2942|2942|2942|2942|2942|2942|2942|2942|2942|2942|2942|2942|2942,7,30,30,0,False,False,9,False,1,0,0,0,False,O
218,34,4,of,2,36,99,675,2911,704,2936,675|675,2911|2911,704|704,2936|2936,8,25,25,0,False,False,9,False,1,0,0,0,False,O
219,34,5,goods,5,39,99999,710,2911,791,2941,710|710|710|710|710,2911|2911|2911|2911|2911,791|791|791|791|791,2941|2941|2941|2941|2941,6,30,30,0,False,False,9,False,1,0,0,0,False,O
220,34,6,By,2,45,99,800,2910,834,2940,800|800,2910|2910,834|834,2940|2940,9,30,30,0,False,False,9,False,1,0,0,0,False,O
221,34,7,Road.,5,48,99999,843,2909,919,2935,843|843|843|843|843,2909|2909|2909|2909|2909,919|919|919|919|919,2935|2935|2935|2935|2935,9,26,26,0,False,True,9,False,1,0,0,0,False,O
222,35,0,Enclosed,8,0,99999999,218,2986,333,3010,218|218|218|218|218|218|218|218,2986|2986|2986|2986|2986|2986|2986|2986,333|333|333|333|333|333|333|333,3010|3010|3010|3010|3010|3010|3010|3010,0,24,24,0,False,False,9,False,1,0,0,0,False,O
223,35,1,Receiver's,10,9,9999999999,529,2984,664,3010,529|529|529|529|529|529|529|529|529|529,2984|2984|2984|2984|2984|2984|2984|2984|2984|2984,664|664|664|664|664|664|664|664|664|664,3010|3010|3010|3010|3010|3010|3010|3010|3010|3010,196,26,26,0,False,True,9,False,1,0,0,1,False,O
224,35,2,Signature,9,20,999999999,670,2982,801,3012,670|670|670|670|670|670|670|670|670,2982|2982|2982|2982|2982|2982|2982|2982|2982,801|801|801|801|801|801|801|801|801,3012|3012|3012|3012|3012|3012|3012|3012|3012,6,30,30,0,False,False,9,False,1,0,0,1,False,O
225,35,3,Prepared,8,30,99999999,1001,2982,1121,3012,1001|1001|1001|1001|1001|1001|1001|1001,2982|2982|2982|2982|2982|2982|2982|2982,1121|1121|1121|1121|1121|1121|1121|1121,3012|3012|3012|3012|3012|3012|3012|3012,200,30,30,0,False,False,9,False,1,0,0,2,False,O
226,35,4,By,2,39,99,1130,2983,1163,3011,1130|1130,2983|2983,1163|1163,3011|3011,9,28,28,0,False,False,9,False,1,0,0,2,False,O
227,35,5,Checked,7,42,9999999,1379,2976,1492,3001,1379|1379|1379|1379|1379|1379|1379,2976|2976|2976|2976|2976|2976|2976,1492|1492|1492|1492|1492|1492|1492,3001|3001|3001|3001|3001|3001|3001,216,25,25,0,False,False,9,False,1,0,0,3,False,O
228,35,6,By,2,50,99,1502,2976,1536,3006,1502|1502,2976|2976,1536|1536,3006|3006,10,30,30,0,False,False,9,False,1,0,0,3,False,O
229,35,7,Authorised,10,53,9999999999,1990,2967,2168,2997,1990|1990|1990|1990|1990|1990|1990|1990|1990|1990,2967|2967|2967|2967|2967|2967|2967|2967|2967|2967,2168|2168|2168|2168|2168|2168|2168|2168|2168|2168,2997|2997|2997|2997|2997|2997|2997|2997|2997|2997,454,30,30,0,False,False,9,False,1,0,0,4,False,O
230,35,8,Signatory,9,64,999999999,2178,2965,2336,3002,2178|2178|2178|2178|2178|2178|2178|2178|2178,2965|2965|2965|2965|2965|2965|2965|2965|2965,2336|2336|2336|2336|2336|2336|2336|2336|2336,3002|3002|3002|3002|3002|3002|3002|3002|3002,10,37,37,0,False,False,9,False,1,0,0,4,False,O
231,36,0,Page,4,0,9999,2087,3031,2168,3067,2087|2087|2087|2087,3031|3031|3031|3031,2168|2168|2168|2168,3067|3067|3067|3067,0,36,36,0,False,False,9,False,1,0,0,0,False,O
232,36,1,1,1,5,9,2182,3031,2200,3061,2182,3031,2200,3061,14,30,30,0,False,False,9,False,1,0,1,0,True,O
233,36,2,of,2,7,99,2214,3029,2249,3061,2214|2214,3029|3029,2249|2249,3061|3061,14,32,32,0,False,False,9,False,1,0,0,0,False,O
234,36,3,1,1,10,9,2261,3031,2279,3061,2261,3031,2279,3061,12,30,30,0,False,False,9,False,1,0,1,0,True,O
