<annotation>
	<folder>sample_invoices</folder>
	<filename>000010_pro_321z3d4_05pnz6s130015tl_str3061_6777625_2.jpg</filename>
	<path>/Users/admin/Desktop/internship/Datamatics/Projects/Invoicing/sample_invoices/000010_pro_321z3d4_05pnz6s130015tl_str3061_6777625_2.jpg</path>
	<source>
		<database>Unknown</database>
	</source>
	<size>
		<width>2550</width>
		<height>3300</height>
		<depth>1</depth>
	</size>
	<segmented>0</segmented>
	<object>
		<name>B_Title</name>
		<pose>Unspecified</pose>
		<truncated>0</truncated>
		<difficult>0</difficult>
		<bndbox>
			<xmin>103</xmin>
			<ymin>767</ymin>
			<xmax>384</xmax>
			<ymax>898</ymax>
		</bndbox>
	</object>
	<object>
		<name>B_Paragraph</name>
		<pose>Unspecified</pose>
		<truncated>0</truncated>
		<difficult>0</difficult>
		<bndbox>
			<xmin>1742</xmin>
			<ymin>759</ymin>
			<xmax>2230</xmax>
			<ymax>1040</ymax>
		</bndbox>
	</object>
	<object>
		<name>B_Title</name>
		<pose>Unspecified</pose>
		<truncated>0</truncated>
		<difficult>0</difficult>
		<bndbox>
			<xmin>45</xmin>
			<ymin>1071</ymin>
			<xmax>780</xmax>
			<ymax>1117</ymax>
		</bndbox>
	</object>
	<object>
		<name>B_Title</name>
		<pose>Unspecified</pose>
		<truncated>0</truncated>
		<difficult>0</difficult>
		<bndbox>
			<xmin>42</xmin>
			<ymin>1113</ymin>
			<xmax>311</xmax>
			<ymax>1163</ymax>
		</bndbox>
	</object>
	<object>
		<name>B_Paragraph</name>
		<pose>Unspecified</pose>
		<truncated>0</truncated>
		<difficult>0</difficult>
		<bndbox>
			<xmin>45</xmin>
			<ymin>1163</ymin>
			<xmax>345</xmax>
			<ymax>1263</ymax>
		</bndbox>
	</object>
	<object>
		<name>B_Paragraph</name>
		<pose>Unspecified</pose>
		<truncated>0</truncated>
		<difficult>0</difficult>
		<bndbox>
			<xmin>372</xmin>
			<ymin>1209</ymin>
			<xmax>519</xmax>
			<ymax>1263</ymax>
		</bndbox>
	</object>
	<object>
		<name>B_Paragraph</name>
		<pose>Unspecified</pose>
		<truncated>0</truncated>
		<difficult>0</difficult>
		<bndbox>
			<xmin>34</xmin>
			<ymin>1263</ymin>
			<xmax>384</xmax>
			<ymax>1486</ymax>
		</bndbox>
	</object>
	<object>
		<name>B_Table</name>
		<pose>Unspecified</pose>
		<truncated>0</truncated>
		<difficult>0</difficult>
		<bndbox>
			<xmin>419</xmin>
			<ymin>1263</ymin>
			<xmax>2507</xmax>
			<ymax>2494</ymax>
		</bndbox>
	</object>
</annotation>
