<annotation>
	<folder>sample_invoices</folder>
	<filename>10_ps_10056296_ayden_t2951288_1672865708033_jpg_1.jpg</filename>
	<path>/Users/admin/Desktop/internship/Datamatics/Projects/Invoicing/sample_invoices/10_ps_10056296_ayden_t2951288_1672865708033_jpg_1.jpg</path>
	<source>
		<database>Unknown</database>
	</source>
	<size>
		<width>2480</width>
		<height>3509</height>
		<depth>3</depth>
	</size>
	<segmented>0</segmented>
	<object>
		<name>B_Table</name>
		<pose>Unspecified</pose>
		<truncated>0</truncated>
		<difficult>0</difficult>
		<bndbox>
			<xmin>25</xmin>
			<ymin>1073</ymin>
			<xmax>2350</xmax>
			<ymax>1798</ymax>
		</bndbox>
	</object>
	<object>
		<name>B_Paragraph</name>
		<pose>Unspecified</pose>
		<truncated>0</truncated>
		<difficult>0</difficult>
		<bndbox>
			<xmin>175</xmin>
			<ymin>3252</ymin>
			<xmax>2229</xmax>
			<ymax>3439</ymax>
		</bndbox>
	</object>
	<object>
		<name>B_Paragraph</name>
		<pose>Unspecified</pose>
		<truncated>0</truncated>
		<difficult>0</difficult>
		<bndbox>
			<xmin>1204</xmin>
			<ymin>723</ymin>
			<xmax>2058</xmax>
			<ymax>993</ymax>
		</bndbox>
	</object>
	<object>
		<name>B_Paragraph</name>
		<pose>Unspecified</pose>
		<truncated>0</truncated>
		<difficult>0</difficult>
		<bndbox>
			<xmin>1437</xmin>
			<ymin>664</ymin>
			<xmax>1937</xmax>
			<ymax>723</ymax>
		</bndbox>
	</object>
	<object>
		<name>B_Paragraph</name>
		<pose>Unspecified</pose>
		<truncated>0</truncated>
		<difficult>0</difficult>
		<bndbox>
			<xmin>254</xmin>
			<ymin>664</ymin>
			<xmax>908</xmax>
			<ymax>739</ymax>
		</bndbox>
	</object>
	<object>
		<name>B_Paragraph</name>
		<pose>Unspecified</pose>
		<truncated>0</truncated>
		<difficult>0</difficult>
		<bndbox>
			<xmin>33</xmin>
			<ymin>752</ymin>
			<xmax>687</xmax>
			<ymax>1027</ymax>
		</bndbox>
	</object>
	<object>
		<name>B_Paragraph</name>
		<pose>Unspecified</pose>
		<truncated>0</truncated>
		<difficult>0</difficult>
		<bndbox>
			<xmin>1212</xmin>
			<ymin>264</ymin>
			<xmax>2183</xmax>
			<ymax>635</ymax>
		</bndbox>
	</object>
	<object>
		<name>B_Paragraph</name>
		<pose>Unspecified</pose>
		<truncated>0</truncated>
		<difficult>0</difficult>
		<bndbox>
			<xmin>246</xmin>
			<ymin>285</ymin>
			<xmax>1150</xmax>
			<ymax>573</ymax>
		</bndbox>
	</object>
	<object>
		<name>B_Paragraph</name>
		<pose>Unspecified</pose>
		<truncated>0</truncated>
		<difficult>0</difficult>
		<bndbox>
			<xmin>925</xmin>
			<ymin>131</ymin>
			<xmax>2321</xmax>
			<ymax>243</ymax>
		</bndbox>
	</object>
	<object>
		<name>B_Paragraph</name>
		<pose>Unspecified</pose>
		<truncated>0</truncated>
		<difficult>0</difficult>
		<bndbox>
			<xmin>1862</xmin>
			<ymin>73</ymin>
			<xmax>2208</xmax>
			<ymax>143</ymax>
		</bndbox>
	</object>
	<object>
		<name>B_Title</name>
		<pose>Unspecified</pose>
		<truncated>0</truncated>
		<difficult>0</difficult>
		<bndbox>
			<xmin>896</xmin>
			<ymin>35</ymin>
			<xmax>1550</xmax>
			<ymax>139</ymax>
		</bndbox>
	</object>
</annotation>
