<annotation>
	<folder>sample_invoices</folder>
	<filename>1_v1_11_1_1.jpg</filename>
	<path>/Users/admin/Desktop/internship/Datamatics/Projects/Invoicing/sample_invoices/1_v1_11_1_1.jpg</path>
	<source>
		<database>Unknown</database>
	</source>
	<size>
		<width>2409</width>
		<height>3435</height>
		<depth>3</depth>
	</size>
	<segmented>0</segmented>
	<object>
		<name>B_Table</name>
		<pose>Unspecified</pose>
		<truncated>0</truncated>
		<difficult>0</difficult>
		<bndbox>
			<xmin>56</xmin>
			<ymin>639</ymin>
			<xmax>2400</xmax>
			<ymax>1427</ymax>
		</bndbox>
	</object>
	<object>
		<name>B_Title</name>
		<pose>Unspecified</pose>
		<truncated>0</truncated>
		<difficult>0</difficult>
		<bndbox>
			<xmin>36</xmin>
			<ymin>31</ymin>
			<xmax>712</xmax>
			<ymax>179</ymax>
		</bndbox>
	</object>
	<object>
		<name>B_Title</name>
		<pose>Unspecified</pose>
		<truncated>1</truncated>
		<difficult>0</difficult>
		<bndbox>
			<xmin>1608</xmin>
			<ymin>1</ymin>
			<xmax>2348</xmax>
			<ymax>115</ymax>
		</bndbox>
	</object>
	<object>
		<name>B_SubTitle</name>
		<pose>Unspecified</pose>
		<truncated>0</truncated>
		<difficult>0</difficult>
		<bndbox>
			<xmin>68</xmin>
			<ymin>199</ymin>
			<xmax>352</xmax>
			<ymax>247</ymax>
		</bndbox>
	</object>
	<object>
		<name>B_Paragraph</name>
		<pose>Unspecified</pose>
		<truncated>0</truncated>
		<difficult>0</difficult>
		<bndbox>
			<xmin>420</xmin>
			<ymin>195</ymin>
			<xmax>632</xmax>
			<ymax>235</ymax>
		</bndbox>
	</object>
	<object>
		<name>B_Paragraph</name>
		<pose>Unspecified</pose>
		<truncated>0</truncated>
		<difficult>0</difficult>
		<bndbox>
			<xmin>56</xmin>
			<ymin>415</ymin>
			<xmax>452</xmax>
			<ymax>567</ymax>
		</bndbox>
	</object>
	<object>
		<name>B_Paragraph</name>
		<pose>Unspecified</pose>
		<truncated>0</truncated>
		<difficult>0</difficult>
		<bndbox>
			<xmin>728</xmin>
			<ymin>383</ymin>
			<xmax>1300</xmax>
			<ymax>631</ymax>
		</bndbox>
	</object>
	<object>
		<name>B_Paragraph</name>
		<pose>Unspecified</pose>
		<truncated>0</truncated>
		<difficult>0</difficult>
		<bndbox>
			<xmin>56</xmin>
			<ymin>243</ymin>
			<xmax>1412</xmax>
			<ymax>359</ymax>
		</bndbox>
	</object>
	<object>
		<name>B_Paragraph</name>
		<pose>Unspecified</pose>
		<truncated>0</truncated>
		<difficult>0</difficult>
		<bndbox>
			<xmin>1508</xmin>
			<ymin>219</ymin>
			<xmax>2148</xmax>
			<ymax>575</ymax>
		</bndbox>
	</object>
	<object>
		<name>B_Paragraph</name>
		<pose>Unspecified</pose>
		<truncated>0</truncated>
		<difficult>0</difficult>
		<bndbox>
			<xmin>80</xmin>
			<ymin>1491</ymin>
			<xmax>200</xmax>
			<ymax>1595</ymax>
		</bndbox>
	</object>
	<object>
		<name>B_Paragraph</name>
		<pose>Unspecified</pose>
		<truncated>0</truncated>
		<difficult>0</difficult>
		<bndbox>
			<xmin>216</xmin>
			<ymin>1435</ymin>
			<xmax>332</xmax>
			<ymax>1491</ymax>
		</bndbox>
	</object>
	<object>
		<name>B_Paragraph</name>
		<pose>Unspecified</pose>
		<truncated>0</truncated>
		<difficult>0</difficult>
		<bndbox>
			<xmin>828</xmin>
			<ymin>1479</ymin>
			<xmax>1160</xmax>
			<ymax>1563</ymax>
		</bndbox>
	</object>
	<object>
		<name>B_Paragraph</name>
		<pose>Unspecified</pose>
		<truncated>0</truncated>
		<difficult>0</difficult>
		<bndbox>
			<xmin>1652</xmin>
			<ymin>1467</ymin>
			<xmax>2000</xmax>
			<ymax>1539</ymax>
		</bndbox>
	</object>
	<object>
		<name>B_Paragraph</name>
		<pose>Unspecified</pose>
		<truncated>0</truncated>
		<difficult>0</difficult>
		<bndbox>
			<xmin>464</xmin>
			<ymin>1943</ymin>
			<xmax>988</xmax>
			<ymax>2279</ymax>
		</bndbox>
	</object>
	<object>
		<name>B_Paragraph</name>
		<pose>Unspecified</pose>
		<truncated>0</truncated>
		<difficult>0</difficult>
		<bndbox>
			<xmin>124</xmin>
			<ymin>3311</ymin>
			<xmax>312</xmax>
			<ymax>3383</ymax>
		</bndbox>
	</object>
	<object>
		<name>B_Paragraph</name>
		<pose>Unspecified</pose>
		<truncated>0</truncated>
		<difficult>0</difficult>
		<bndbox>
			<xmin>492</xmin>
			<ymin>3291</ymin>
			<xmax>984</xmax>
			<ymax>3383</ymax>
		</bndbox>
	</object>
	<object>
		<name>B_Paragraph</name>
		<pose>Unspecified</pose>
		<truncated>0</truncated>
		<difficult>0</difficult>
		<bndbox>
			<xmin>1572</xmin>
			<ymin>3283</ymin>
			<xmax>1972</xmax>
			<ymax>3347</ymax>
		</bndbox>
	</object>
	<object>
		<name>B_Paragraph</name>
		<pose>Unspecified</pose>
		<truncated>0</truncated>
		<difficult>0</difficult>
		<bndbox>
			<xmin>2240</xmin>
			<ymin>3267</ymin>
			<xmax>2404</xmax>
			<ymax>3327</ymax>
		</bndbox>
	</object>
</annotation>
