<annotation>
	<folder>sample_invoices</folder>
	<filename>2_pl_10042712_baljindsa_t2950445_cdv_photo_002_jpg_1.jpg</filename>
	<path>/Users/admin/Desktop/internship/Datamatics/Projects/Invoicing/sample_invoices/2_pl_10042712_baljindsa_t2950445_cdv_photo_002_jpg_1.jpg</path>
	<source>
		<database>Unknown</database>
	</source>
	<size>
		<width>2480</width>
		<height>3509</height>
		<depth>3</depth>
	</size>
	<segmented>0</segmented>
	<object>
		<name>B_Title</name>
		<pose>Unspecified</pose>
		<truncated>0</truncated>
		<difficult>0</difficult>
		<bndbox>
			<xmin>494</xmin>
			<ymin>448</ymin>
			<xmax>1039</xmax>
			<ymax>506</ymax>
		</bndbox>
	</object>
	<object>
		<name>B_Title</name>
		<pose>Unspecified</pose>
		<truncated>0</truncated>
		<difficult>0</difficult>
		<bndbox>
			<xmin>1610</xmin>
			<ymin>464</ymin>
			<xmax>2056</xmax>
			<ymax>535</ymax>
		</bndbox>
	</object>
	<object>
		<name>B_Paragraph</name>
		<pose>Unspecified</pose>
		<truncated>0</truncated>
		<difficult>0</difficult>
		<bndbox>
			<xmin>485</xmin>
			<ymin>531</ymin>
			<xmax>1031</xmax>
			<ymax>714</ymax>
		</bndbox>
	</object>
	<object>
		<name>B_Paragraph</name>
		<pose>Unspecified</pose>
		<truncated>0</truncated>
		<difficult>0</difficult>
		<bndbox>
			<xmin>1610</xmin>
			<ymin>543</ymin>
			<xmax>2089</xmax>
			<ymax>643</ymax>
		</bndbox>
	</object>
	<object>
		<name>B_Paragraph</name>
		<pose>Unspecified</pose>
		<truncated>0</truncated>
		<difficult>0</difficult>
		<bndbox>
			<xmin>189</xmin>
			<ymin>710</ymin>
			<xmax>498</xmax>
			<ymax>960</ymax>
		</bndbox>
	</object>
	<object>
		<name>B_Paragraph</name>
		<pose>Unspecified</pose>
		<truncated>0</truncated>
		<difficult>0</difficult>
		<bndbox>
			<xmin>1264</xmin>
			<ymin>698</ymin>
			<xmax>1764</xmax>
			<ymax>935</ymax>
		</bndbox>
	</object>
	<object>
		<name>B_Paragraph</name>
		<pose>Unspecified</pose>
		<truncated>0</truncated>
		<difficult>0</difficult>
		<bndbox>
			<xmin>1881</xmin>
			<ymin>693</ymin>
			<xmax>2110</xmax>
			<ymax>748</ymax>
		</bndbox>
	</object>
	<object>
		<name>B_Paragraph</name>
		<pose>Unspecified</pose>
		<truncated>0</truncated>
		<difficult>0</difficult>
		<bndbox>
			<xmin>223</xmin>
			<ymin>1035</ymin>
			<xmax>494</xmax>
			<ymax>1098</ymax>
		</bndbox>
	</object>
	<object>
		<name>B_Table</name>
		<pose>Unspecified</pose>
		<truncated>0</truncated>
		<difficult>0</difficult>
		<bndbox>
			<xmin>152</xmin>
			<ymin>1077</ymin>
			<xmax>2369</xmax>
			<ymax>2956</ymax>
		</bndbox>
	</object>
	<object>
		<name>B_SubTitle</name>
		<pose>Unspecified</pose>
		<truncated>0</truncated>
		<difficult>0</difficult>
		<bndbox>
			<xmin>156</xmin>
			<ymin>3048</ymin>
			<xmax>369</xmax>
			<ymax>3114</ymax>
		</bndbox>
	</object>
	<object>
		<name>B_Paragraph</name>
		<pose>Unspecified</pose>
		<truncated>0</truncated>
		<difficult>0</difficult>
		<bndbox>
			<xmin>435</xmin>
			<ymin>2960</ymin>
			<xmax>2110</xmax>
			<ymax>3223</ymax>
		</bndbox>
	</object>
	<object>
		<name>B_SubTitle</name>
		<pose>Unspecified</pose>
		<truncated>0</truncated>
		<difficult>0</difficult>
		<bndbox>
			<xmin>169</xmin>
			<ymin>3281</ymin>
			<xmax>614</xmax>
			<ymax>3373</ymax>
		</bndbox>
	</object>
	<object>
		<name>B_SubTitle</name>
		<pose>Unspecified</pose>
		<truncated>0</truncated>
		<difficult>0</difficult>
		<bndbox>
			<xmin>1269</xmin>
			<ymin>3235</ymin>
			<xmax>1673</xmax>
			<ymax>3314</ymax>
		</bndbox>
	</object>
	<object>
		<name>B_Paragraph</name>
		<pose>Unspecified</pose>
		<truncated>0</truncated>
		<difficult>0</difficult>
		<bndbox>
			<xmin>1619</xmin>
			<ymin>3398</ymin>
			<xmax>2419</xmax>
			<ymax>3481</ymax>
		</bndbox>
	</object>
	<object>
		<name>B_Paragraph</name>
		<pose>Unspecified</pose>
		<truncated>0</truncated>
		<difficult>0</difficult>
		<bndbox>
			<xmin>164</xmin>
			<ymin>3331</ymin>
			<xmax>2373</xmax>
			<ymax>3477</ymax>
		</bndbox>
	</object>
</annotation>
