<annotation>
	<folder>sample_invoices</folder>
	<filename>2_PS_10045807_2083766-BOL-896d9511-2dc0-466d-c2ef-08dad7c4fa1d.jpg</filename>
	<path>/Users/admin/Desktop/internship/Datamatics/Projects/Invoicing/sample_invoices/2_PS_10045807_2083766-BOL-896d9511-2dc0-466d-c2ef-08dad7c4fa1d.jpg</path>
	<source>
		<database>Unknown</database>
	</source>
	<size>
		<width>1864</width>
		<height>2476</height>
		<depth>3</depth>
	</size>
	<segmented>0</segmented>
	<object>
		<name>B_Title</name>
		<pose>Unspecified</pose>
		<truncated>0</truncated>
		<difficult>0</difficult>
		<bndbox>
			<xmin>51</xmin>
			<ymin>61</ymin>
			<xmax>697</xmax>
			<ymax>167</ymax>
		</bndbox>
	</object>
	<object>
		<name>B_Paragraph</name>
		<pose>Unspecified</pose>
		<truncated>0</truncated>
		<difficult>0</difficult>
		<bndbox>
			<xmin>51</xmin>
			<ymin>167</ymin>
			<xmax>785</xmax>
			<ymax>213</ymax>
		</bndbox>
	</object>
	<object>
		<name>B_Paragraph</name>
		<pose>Unspecified</pose>
		<truncated>0</truncated>
		<difficult>0</difficult>
		<bndbox>
			<xmin>1354</xmin>
			<ymin>227</ymin>
			<xmax>1797</xmax>
			<ymax>273</ymax>
		</bndbox>
	</object>
	<object>
		<name>B_Paragraph</name>
		<pose>Unspecified</pose>
		<truncated>0</truncated>
		<difficult>0</difficult>
		<bndbox>
			<xmin>63</xmin>
			<ymin>221</ymin>
			<xmax>460</xmax>
			<ymax>293</ymax>
		</bndbox>
	</object>
	<object>
		<name>B_Paragraph</name>
		<pose>Unspecified</pose>
		<truncated>0</truncated>
		<difficult>0</difficult>
		<bndbox>
			<xmin>65</xmin>
			<ymin>376</ymin>
			<xmax>608</xmax>
			<ymax>613</ymax>
		</bndbox>
	</object>
	<object>
		<name>B_SubTitle</name>
		<pose>Unspecified</pose>
		<truncated>0</truncated>
		<difficult>0</difficult>
		<bndbox>
			<xmin>831</xmin>
			<ymin>310</ymin>
			<xmax>1054</xmax>
			<ymax>364</ymax>
		</bndbox>
	</object>
	<object>
		<name>B_Paragraph</name>
		<pose>Unspecified</pose>
		<truncated>0</truncated>
		<difficult>0</difficult>
		<bndbox>
			<xmin>974</xmin>
			<ymin>381</ymin>
			<xmax>1457</xmax>
			<ymax>664</ymax>
		</bndbox>
	</object>
	<object>
		<name>B_Paragraph</name>
		<pose>Unspecified</pose>
		<truncated>0</truncated>
		<difficult>0</difficult>
		<bndbox>
			<xmin>65</xmin>
			<ymin>679</ymin>
			<xmax>643</xmax>
			<ymax>827</ymax>
		</bndbox>
	</object>
	<object>
		<name>B_Paragraph</name>
		<pose>Unspecified</pose>
		<truncated>0</truncated>
		<difficult>0</difficult>
		<bndbox>
			<xmin>977</xmin>
			<ymin>684</ymin>
			<xmax>1583</xmax>
			<ymax>856</ymax>
		</bndbox>
	</object>
	<object>
		<name>B_Paragraph</name>
		<pose>Unspecified</pose>
		<truncated>0</truncated>
		<difficult>0</difficult>
		<bndbox>
			<xmin>60</xmin>
			<ymin>856</ymin>
			<xmax>443</xmax>
			<ymax>901</ymax>
		</bndbox>
	</object>
	<object>
		<name>B_SubTitle</name>
		<pose>Unspecified</pose>
		<truncated>0</truncated>
		<difficult>0</difficult>
		<bndbox>
			<xmin>891</xmin>
			<ymin>924</ymin>
			<xmax>1023</xmax>
			<ymax>961</ymax>
		</bndbox>
	</object>
	<object>
		<name>B_Table</name>
		<pose>Unspecified</pose>
		<truncated>0</truncated>
		<difficult>0</difficult>
		<bndbox>
			<xmin>57</xmin>
			<ymin>979</ymin>
			<xmax>1823</xmax>
			<ymax>2219</ymax>
		</bndbox>
	</object>
	<object>
		<name>B_Paragraph</name>
		<pose>Unspecified</pose>
		<truncated>0</truncated>
		<difficult>0</difficult>
		<bndbox>
			<xmin>65</xmin>
			<ymin>2230</ymin>
			<xmax>168</xmax>
			<ymax>2267</ymax>
		</bndbox>
	</object>
	<object>
		<name>B_Paragraph</name>
		<pose>Unspecified</pose>
		<truncated>0</truncated>
		<difficult>0</difficult>
		<bndbox>
			<xmin>57</xmin>
			<ymin>2404</ymin>
			<xmax>385</xmax>
			<ymax>2450</ymax>
		</bndbox>
	</object>
	<object>
		<name>B_Paragraph</name>
		<pose>Unspecified</pose>
		<truncated>0</truncated>
		<difficult>0</difficult>
		<bndbox>
			<xmin>585</xmin>
			<ymin>2393</ymin>
			<xmax>817</xmax>
			<ymax>2439</ymax>
		</bndbox>
	</object>
	<object>
		<name>B_Paragraph</name>
		<pose>Unspecified</pose>
		<truncated>0</truncated>
		<difficult>0</difficult>
		<bndbox>
			<xmin>1640</xmin>
			<ymin>2384</ymin>
			<xmax>1803</xmax>
			<ymax>2427</ymax>
		</bndbox>
	</object>
</annotation>
