<annotation>
	<folder>sample_invoices</folder>
	<filename>3_8_golden_data_indian_invoices_040073_em10005947_0.jpg</filename>
	<path>/Users/admin/Desktop/internship/Datamatics/Projects/Invoicing/sample_invoices/3_8_golden_data_indian_invoices_040073_em10005947_0.jpg</path>
	<source>
		<database>Unknown</database>
	</source>
	<size>
		<width>2480</width>
		<height>3507</height>
		<depth>1</depth>
	</size>
	<segmented>0</segmented>
	<object>
		<name>B_Title</name>
		<pose>Unspecified</pose>
		<truncated>0</truncated>
		<difficult>0</difficult>
		<bndbox>
			<xmin>248</xmin>
			<ymin>234</ymin>
			<xmax>756</xmax>
			<ymax>309</ymax>
		</bndbox>
	</object>
	<object>
		<name>B_Title</name>
		<pose>Unspecified</pose>
		<truncated>0</truncated>
		<difficult>0</difficult>
		<bndbox>
			<xmin>1377</xmin>
			<ymin>388</ymin>
			<xmax>1644</xmax>
			<ymax>447</ymax>
		</bndbox>
	</object>
	<object>
		<name>B_Paragraph</name>
		<pose>Unspecified</pose>
		<truncated>0</truncated>
		<difficult>0</difficult>
		<bndbox>
			<xmin>1827</xmin>
			<ymin>276</ymin>
			<xmax>2110</xmax>
			<ymax>392</ymax>
		</bndbox>
	</object>
	<object>
		<name>B_Paragraph</name>
		<pose>Unspecified</pose>
		<truncated>0</truncated>
		<difficult>0</difficult>
		<bndbox>
			<xmin>248</xmin>
			<ymin>480</ymin>
			<xmax>1056</xmax>
			<ymax>813</ymax>
		</bndbox>
	</object>
	<object>
		<name>B_Paragraph</name>
		<pose>Unspecified</pose>
		<truncated>0</truncated>
		<difficult>0</difficult>
		<bndbox>
			<xmin>1469</xmin>
			<ymin>501</ymin>
			<xmax>2160</xmax>
			<ymax>563</ymax>
		</bndbox>
	</object>
	<object>
		<name>B_Paragraph</name>
		<pose>Unspecified</pose>
		<truncated>0</truncated>
		<difficult>0</difficult>
		<bndbox>
			<xmin>1460</xmin>
			<ymin>722</ymin>
			<xmax>2335</xmax>
			<ymax>1009</ymax>
		</bndbox>
	</object>
	<object>
		<name>B_SubTitle</name>
		<pose>Unspecified</pose>
		<truncated>0</truncated>
		<difficult>0</difficult>
		<bndbox>
			<xmin>256</xmin>
			<ymin>409</ymin>
			<xmax>560</xmax>
			<ymax>467</ymax>
		</bndbox>
	</object>
	<object>
		<name>B_SubTitle</name>
		<pose>Unspecified</pose>
		<truncated>0</truncated>
		<difficult>0</difficult>
		<bndbox>
			<xmin>1452</xmin>
			<ymin>634</ymin>
			<xmax>1660</xmax>
			<ymax>705</ymax>
		</bndbox>
	</object>
	<object>
		<name>B_Paragraph</name>
		<pose>Unspecified</pose>
		<truncated>0</truncated>
		<difficult>0</difficult>
		<bndbox>
			<xmin>244</xmin>
			<ymin>888</ymin>
			<xmax>1173</xmax>
			<ymax>1051</ymax>
		</bndbox>
	</object>
	<object>
		<name>B_Table</name>
		<pose>Unspecified</pose>
		<truncated>0</truncated>
		<difficult>0</difficult>
		<bndbox>
			<xmin>235</xmin>
			<ymin>1097</ymin>
			<xmax>2352</xmax>
			<ymax>1259</ymax>
		</bndbox>
	</object>
	<object>
		<name>B_Paragraph</name>
		<pose>Unspecified</pose>
		<truncated>0</truncated>
		<difficult>0</difficult>
		<bndbox>
			<xmin>1231</xmin>
			<ymin>1276</ymin>
			<xmax>1627</xmax>
			<ymax>1309</ymax>
		</bndbox>
	</object>
	<object>
		<name>B_Paragraph</name>
		<pose>Unspecified</pose>
		<truncated>0</truncated>
		<difficult>0</difficult>
		<bndbox>
			<xmin>2002</xmin>
			<ymin>1267</ymin>
			<xmax>2352</xmax>
			<ymax>1317</ymax>
		</bndbox>
	</object>
	<object>
		<name>B_Paragraph</name>
		<pose>Unspecified</pose>
		<truncated>0</truncated>
		<difficult>0</difficult>
		<bndbox>
			<xmin>510</xmin>
			<ymin>1317</ymin>
			<xmax>1835</xmax>
			<ymax>1376</ymax>
		</bndbox>
	</object>
	<object>
		<name>B_Paragraph</name>
		<pose>Unspecified</pose>
		<truncated>0</truncated>
		<difficult>0</difficult>
		<bndbox>
			<xmin>1119</xmin>
			<ymin>1459</ymin>
			<xmax>2252</xmax>
			<ymax>1863</ymax>
		</bndbox>
	</object>
	<object>
		<name>B_Paragraph</name>
		<pose>Unspecified</pose>
		<truncated>0</truncated>
		<difficult>0</difficult>
		<bndbox>
			<xmin>1119</xmin>
			<ymin>1897</ymin>
			<xmax>1681</xmax>
			<ymax>2017</ymax>
		</bndbox>
	</object>
	<object>
		<name>B_Paragraph</name>
		<pose>Unspecified</pose>
		<truncated>0</truncated>
		<difficult>0</difficult>
		<bndbox>
			<xmin>231</xmin>
			<ymin>2076</ymin>
			<xmax>2244</xmax>
			<ymax>2134</ymax>
		</bndbox>
	</object>
	<object>
		<name>B_Paragraph</name>
		<pose>Unspecified</pose>
		<truncated>0</truncated>
		<difficult>0</difficult>
		<bndbox>
			<xmin>294</xmin>
			<ymin>2188</ymin>
			<xmax>631</xmax>
			<ymax>2251</ymax>
		</bndbox>
	</object>
	<object>
		<name>B_Paragraph</name>
		<pose>Unspecified</pose>
		<truncated>0</truncated>
		<difficult>0</difficult>
		<bndbox>
			<xmin>1144</xmin>
			<ymin>2172</ymin>
			<xmax>1677</xmax>
			<ymax>2213</ymax>
		</bndbox>
	</object>
	<object>
		<name>B_Paragraph</name>
		<pose>Unspecified</pose>
		<truncated>0</truncated>
		<difficult>0</difficult>
		<bndbox>
			<xmin>898</xmin>
			<ymin>2217</ymin>
			<xmax>2048</xmax>
			<ymax>2280</ymax>
		</bndbox>
	</object>
	<object>
		<name>B_Paragraph</name>
		<pose>Unspecified</pose>
		<truncated>0</truncated>
		<difficult>0</difficult>
		<bndbox>
			<xmin>235</xmin>
			<ymin>2280</ymin>
			<xmax>1035</xmax>
			<ymax>2372</ymax>
		</bndbox>
	</object>
	<object>
		<name>B_Paragraph</name>
		<pose>Unspecified</pose>
		<truncated>0</truncated>
		<difficult>0</difficult>
		<bndbox>
			<xmin>231</xmin>
			<ymin>2659</ymin>
			<xmax>1210</xmax>
			<ymax>2759</ymax>
		</bndbox>
	</object>
	<object>
		<name>B_Table</name>
		<pose>Unspecified</pose>
		<truncated>0</truncated>
		<difficult>0</difficult>
		<bndbox>
			<xmin>219</xmin>
			<ymin>2776</ymin>
			<xmax>2319</xmax>
			<ymax>3022</ymax>
		</bndbox>
	</object>
	<object>
		<name>B_SubTitle</name>
		<pose>Unspecified</pose>
		<truncated>0</truncated>
		<difficult>0</difficult>
		<bndbox>
			<xmin>1114</xmin>
			<ymin>2609</ymin>
			<xmax>1348</xmax>
			<ymax>2663</ymax>
		</bndbox>
	</object>
	<object>
		<name>B_SubTitle</name>
		<pose>Unspecified</pose>
		<truncated>0</truncated>
		<difficult>0</difficult>
		<bndbox>
			<xmin>1110</xmin>
			<ymin>3051</ymin>
			<xmax>1414</xmax>
			<ymax>3088</ymax>
		</bndbox>
	</object>
	<object>
		<name>B_Paragraph</name>
		<pose>Unspecified</pose>
		<truncated>0</truncated>
		<difficult>0</difficult>
		<bndbox>
			<xmin>510</xmin>
			<ymin>3084</ymin>
			<xmax>2073</xmax>
			<ymax>3197</ymax>
		</bndbox>
	</object>
	<object>
		<name>B_Paragraph</name>
		<pose>Unspecified</pose>
		<truncated>0</truncated>
		<difficult>0</difficult>
		<bndbox>
			<xmin>2089</xmin>
			<ymin>3163</ymin>
			<xmax>2352</xmax>
			<ymax>3213</ymax>
		</bndbox>
	</object>
</annotation>
