<annotation>
	<folder>sample_invoices</folder>
	<filename>9_8_golden_data_indian_invoices_040158_sc10007859_0.jpg</filename>
	<path>/Users/admin/Desktop/internship/Datamatics/Projects/Invoicing/sample_invoices/9_8_golden_data_indian_invoices_040158_sc10007859_0.jpg</path>
	<source>
		<database>Unknown</database>
	</source>
	<size>
		<width>3507</width>
		<height>2480</height>
		<depth>1</depth>
	</size>
	<segmented>0</segmented>
	<object>
		<name>B_Paragraph</name>
		<pose>Unspecified</pose>
		<truncated>0</truncated>
		<difficult>0</difficult>
		<bndbox>
			<xmin>492</xmin>
			<ymin>137</ymin>
			<xmax>1334</xmax>
			<ymax>348</ymax>
		</bndbox>
	</object>
	<object>
		<name>B_Title</name>
		<pose>Unspecified</pose>
		<truncated>0</truncated>
		<difficult>0</difficult>
		<bndbox>
			<xmin>1785</xmin>
			<ymin>127</ymin>
			<xmax>2065</xmax>
			<ymax>203</ymax>
		</bndbox>
	</object>
	<object>
		<name>B_Paragraph</name>
		<pose>Unspecified</pose>
		<truncated>0</truncated>
		<difficult>0</difficult>
		<bndbox>
			<xmin>2723</xmin>
			<ymin>144</ymin>
			<xmax>3323</xmax>
			<ymax>210</ymax>
		</bndbox>
	</object>
	<object>
		<name>B_Paragraph</name>
		<pose>Unspecified</pose>
		<truncated>0</truncated>
		<difficult>0</difficult>
		<bndbox>
			<xmin>2575</xmin>
			<ymin>148</ymin>
			<xmax>2689</xmax>
			<ymax>210</ymax>
		</bndbox>
	</object>
	<object>
		<name>B_Paragraph</name>
		<pose>Unspecified</pose>
		<truncated>0</truncated>
		<difficult>0</difficult>
		<bndbox>
			<xmin>2985</xmin>
			<ymin>210</ymin>
			<xmax>3330</xmax>
			<ymax>286</ymax>
		</bndbox>
	</object>
	<object>
		<name>B_SubTitle</name>
		<pose>Unspecified</pose>
		<truncated>0</truncated>
		<difficult>0</difficult>
		<bndbox>
			<xmin>2503</xmin>
			<ymin>293</ymin>
			<xmax>2658</xmax>
			<ymax>351</ymax>
		</bndbox>
	</object>
	<object>
		<name>B_Paragraph</name>
		<pose>Unspecified</pose>
		<truncated>0</truncated>
		<difficult>0</difficult>
		<bndbox>
			<xmin>1406</xmin>
			<ymin>220</ymin>
			<xmax>2423</xmax>
			<ymax>362</ymax>
		</bndbox>
	</object>
	<object>
		<name>B_Paragraph</name>
		<pose>Unspecified</pose>
		<truncated>0</truncated>
		<difficult>0</difficult>
		<bndbox>
			<xmin>1396</xmin>
			<ymin>372</ymin>
			<xmax>2113</xmax>
			<ymax>548</ymax>
		</bndbox>
	</object>
	<object>
		<name>B_Paragraph</name>
		<pose>Unspecified</pose>
		<truncated>0</truncated>
		<difficult>0</difficult>
		<bndbox>
			<xmin>165</xmin>
			<ymin>393</ymin>
			<xmax>1344</xmax>
			<ymax>544</ymax>
		</bndbox>
	</object>
	<object>
		<name>B_Paragraph</name>
		<pose>Unspecified</pose>
		<truncated>0</truncated>
		<difficult>0</difficult>
		<bndbox>
			<xmin>1375</xmin>
			<ymin>593</ymin>
			<xmax>2192</xmax>
			<ymax>972</ymax>
		</bndbox>
	</object>
	<object>
		<name>B_Paragraph</name>
		<pose>Unspecified</pose>
		<truncated>0</truncated>
		<difficult>0</difficult>
		<bndbox>
			<xmin>168</xmin>
			<ymin>600</ymin>
			<xmax>1003</xmax>
			<ymax>972</ymax>
		</bndbox>
	</object>
	<object>
		<name>B_Paragraph</name>
		<pose>Unspecified</pose>
		<truncated>0</truncated>
		<difficult>0</difficult>
		<bndbox>
			<xmin>2468</xmin>
			<ymin>458</ymin>
			<xmax>3237</xmax>
			<ymax>665</ymax>
		</bndbox>
	</object>
	<object>
		<name>B_Paragraph</name>
		<pose>Unspecified</pose>
		<truncated>0</truncated>
		<difficult>0</difficult>
		<bndbox>
			<xmin>2485</xmin>
			<ymin>700</ymin>
			<xmax>3382</xmax>
			<ymax>955</ymax>
		</bndbox>
	</object>
	<object>
		<name>B_SubTitle</name>
		<pose>Unspecified</pose>
		<truncated>0</truncated>
		<difficult>0</difficult>
		<bndbox>
			<xmin>158</xmin>
			<ymin>534</ymin>
			<xmax>730</xmax>
			<ymax>610</ymax>
		</bndbox>
	</object>
	<object>
		<name>B_SubTitle</name>
		<pose>Unspecified</pose>
		<truncated>0</truncated>
		<difficult>0</difficult>
		<bndbox>
			<xmin>1375</xmin>
			<ymin>541</ymin>
			<xmax>1589</xmax>
			<ymax>606</ymax>
		</bndbox>
	</object>
	<object>
		<name>B_SubTitle</name>
		<pose>Unspecified</pose>
		<truncated>0</truncated>
		<difficult>0</difficult>
		<bndbox>
			<xmin>2472</xmin>
			<ymin>382</ymin>
			<xmax>3127</xmax>
			<ymax>458</ymax>
		</bndbox>
	</object>
	<object>
		<name>B_Table</name>
		<pose>Unspecified</pose>
		<truncated>0</truncated>
		<difficult>0</difficult>
		<bndbox>
			<xmin>165</xmin>
			<ymin>989</ymin>
			<xmax>3420</xmax>
			<ymax>1772</ymax>
		</bndbox>
	</object>
	<object>
		<name>B_Paragraph</name>
		<pose>Unspecified</pose>
		<truncated>0</truncated>
		<difficult>0</difficult>
		<bndbox>
			<xmin>175</xmin>
			<ymin>1772</ymin>
			<xmax>1958</xmax>
			<ymax>1986</ymax>
		</bndbox>
	</object>
	<object>
		<name>B_Paragraph</name>
		<pose>Unspecified</pose>
		<truncated>0</truncated>
		<difficult>0</difficult>
		<bndbox>
			<xmin>172</xmin>
			<ymin>1993</ymin>
			<xmax>1141</xmax>
			<ymax>2220</ymax>
		</bndbox>
	</object>
	<object>
		<name>B_Paragraph</name>
		<pose>Unspecified</pose>
		<truncated>0</truncated>
		<difficult>0</difficult>
		<bndbox>
			<xmin>1161</xmin>
			<ymin>1986</ymin>
			<xmax>2213</xmax>
			<ymax>2231</ymax>
		</bndbox>
	</object>
	<object>
		<name>B_Paragraph</name>
		<pose>Unspecified</pose>
		<truncated>0</truncated>
		<difficult>0</difficult>
		<bndbox>
			<xmin>168</xmin>
			<ymin>2231</ymin>
			<xmax>2213</xmax>
			<ymax>2368</ymax>
		</bndbox>
	</object>
	<object>
		<name>B_Paragraph</name>
		<pose>Unspecified</pose>
		<truncated>0</truncated>
		<difficult>0</difficult>
		<bndbox>
			<xmin>2658</xmin>
			<ymin>2044</ymin>
			<xmax>3372</xmax>
			<ymax>2117</ymax>
		</bndbox>
	</object>
	<object>
		<name>B_Paragraph</name>
		<pose>Unspecified</pose>
		<truncated>0</truncated>
		<difficult>0</difficult>
		<bndbox>
			<xmin>2920</xmin>
			<ymin>2275</ymin>
			<xmax>3282</xmax>
			<ymax>2327</ymax>
		</bndbox>
	</object>
</annotation>
